Month,Coarse wool Price,Coarse wool price % Change,Copra Price,Copra price % Change,Cotton Price,Cotton price % Change,Fine wool Price,Fine wool price % Change,Hard log Price,Hard log price % Change,Hard sawnwood Price,Hard sawnwood price % Change,Hide Price,Hide price % change,Rubber Price,Rubber price % Change
Apr-90,482.34,-,236,-,1.83,-,"1,071.63",-,161.2,-,549.91,-,100.0,-,0.84,-
May-90,447.26,-7.27%,234,-0.85%,1.89,3.28%,"1,057.18",-1.35%,172.86,7.23%,491.88,-10.55%,99.46,-0.54%,0.85,1.19%
Jun-90,440.99,-1.40%,216,-7.69%,1.99,5.29%,898.24,-15.03%,181.67,5.10%,495.39,0.71%,97.9,-1.57%,0.85,0.00%
Jul-90,418.44,-5.11%,205,-5.09%,2.01,1.01%,895.83,-0.27%,187.96,3.46%,485.86,-1.92%,96.75,-1.17%,0.86,1.18%
Aug-90,418.44,0.00%,198,-3.41%,1.79,-10.95%,951.22,6.18%,186.13,-0.97%,487.52,0.34%,91.89,-5.02%,0.88,2.33%
Sep-90,412.18,-1.50%,196,-1.01%,1.79,0.00%,936.77,-1.52%,185.33,-0.43%,487.75,0.05%,87.66,-4.60%,0.9,2.27%
Oct-90,394.64,-4.26%,198,1.02%,1.79,0.00%,901.85,-3.73%,189.76,2.39%,505.24,3.59%,84.59,-3.50%,0.9,0.00%
Nov-90,334.5,-15.24%,236,19.19%,1.82,1.68%,888.61,-1.47%,179.02,-5.66%,511.33,1.21%,82.86,-2.05%,0.9,0.00%
Dec-90,328.24,-1.87%,237,0.42%,1.85,1.65%,870.55,-2.03%,171.13,-4.41%,499.2,-2.37%,84.85,2.40%,0.88,-2.22%
Jan-91,319.47,-2.67%,233,-1.69%,1.85,0.00%,887.41,1.94%,169.19,-1.13%,497.05,-0.43%,81.64,-3.78%,0.87,-1.14%
Feb-91,323.23,1.18%,226,-3.00%,1.87,1.08%,596.02,-32.84%,176.93,4.57%,492.56,-0.90%,75.9,-7.03%,0.85,-2.30%
Mar-91,328.24,1.55%,236,4.42%,1.86,-0.53%,586.39,-1.62%,162.57,-8.12%,491.12,-0.29%,76.6,0.92%,0.83,-2.35%
Apr-91,365.82,11.45%,224,-5.08%,1.83,-1.61%,596.02,1.64%,175.59,8.01%,495.44,0.88%,86.45,12.86%,0.82,-1.20%
May-91,371.88,1.66%,226,0.89%,1.82,-0.55%,721,20.97%,174.04,-0.88%,509.75,2.89%,88.72,2.63%,0.82,0.00%
Jun-91,340.6,-8.41%,245,8.41%,1.78,-2.20%,777.51,7.84%,200.15,15.00%,480.3,-5.78%,86.7,-2.28%,0.84,2.44%
Jul-91,337.48,-0.92%,303,23.67%,1.7,-4.49%,723.48,-6.95%,207.82,3.83%,480.3,0.00%,83.91,-3.22%,0.82,-2.38%
Aug-91,337.22,-0.08%,299,-1.32%,1.62,-4.71%,680.64,-5.92%,210.57,1.32%,553.48,15.24%,77.52,-7.62%,0.82,0.00%
Sep-91,313.96,-6.90%,296,-1.00%,1.55,-4.32%,613.45,-9.87%,210.68,0.05%,582.79,5.30%,74.05,-4.48%,0.81,-1.22%
Oct-91,308.39,-1.77%,353,19.26%,1.5,-3.23%,558.18,-9.01%,214.44,1.78%,573.05,-1.67%,75.36,1.77%,0.83,2.47%
Nov-91,307.57,-0.27%,385,9.07%,1.4,-6.67%,641.49,14.93%,195.5,-8.83%,573.89,0.15%,75.26,-0.13%,0.81,-2.41%
Dec-91,295.4,-3.96%,411,6.75%,1.36,-2.86%,652.19,1.67%,200.33,2.47%,567.39,-1.13%,71.29,-5.28%,0.79,-2.47%
Jan-92,297.04,0.56%,488,18.73%,1.31,-3.68%,619.37,-5.03%,202.85,1.26%,577.77,1.83%,70.7,-0.83%,0.8,1.27%
Feb-92,341.89,15.10%,471,-3.48%,1.24,-5.34%,655.83,5.89%,214.04,5.52%,599.19,3.71%,67.84,-4.05%,0.81,1.25%
Mar-92,341.18,-0.21%,429,-8.92%,1.22,-1.61%,667.93,1.84%,201.96,-5.64%,602.24,0.51%,69.77,2.84%,0.83,2.47%
Apr-92,352.12,3.21%,425,-0.93%,1.28,4.92%,667.7,-0.03%,199.67,-1.13%,616.38,2.35%,75.95,8.86%,0.86,3.61%
May-92,367.36,4.33%,413,-2.82%,1.34,4.69%,663.07,-0.69%,200.75,0.54%,628.68,2.00%,80.0,5.33%,0.87,1.16%
Jun-92,364.88,-0.68%,390,-5.57%,1.41,5.22%,633.89,-4.40%,205.11,2.17%,610.79,-2.85%,76.77,-4.04%,0.88,1.15%
Jul-92,363.09,-0.49%,352,-9.74%,1.44,2.13%,595.28,-6.09%,201.08,-1.96%,609.62,-0.19%,76.57,-0.26%,0.88,0.00%
Aug-92,351.25,-3.26%,320,-9.09%,1.32,-8.33%,568.94,-4.42%,197.25,-1.90%,607.43,-0.36%,72.87,-4.83%,0.88,0.00%
Sep-92,349.29,-0.56%,328,2.50%,1.25,-5.30%,572.72,0.66%,205.53,4.20%,606.17,-0.21%,77.72,6.66%,0.87,-1.14%
Oct-92,335.47,-3.96%,320,-2.44%,1.17,-6.40%,535.26,-6.54%,220.2,7.14%,600.25,-0.98%,80.98,4.19%,0.89,2.30%
Nov-92,320.1,-4.58%,329,2.81%,1.16,-0.85%,508.04,-5.09%,220.08,-0.05%,623.68,3.90%,80.05,-1.15%,0.88,-1.12%
Dec-92,310.7,-2.94%,300,-8.81%,1.2,3.45%,512.94,0.96%,245.58,11.59%,604.35,-3.10%,81.14,1.36%,0.88,0.00%
Jan-93,312.39,0.54%,278,-7.33%,1.26,5.00%,495.22,-3.45%,249.97,1.79%,605.35,0.17%,79.87,-1.57%,0.91,3.41%
Feb-93,309.68,-0.87%,279,0.36%,1.33,5.56%,469.37,-5.22%,286.7,14.69%,618.11,2.11%,81.41,1.93%,0.89,-2.20%
Mar-93,309.67,0.00%,277,-0.72%,1.36,2.26%,469.37,0.00%,345.34,20.45%,616.81,-0.21%,81.48,0.09%,0.85,-4.49%
Apr-93,328.92,6.22%,262,-5.42%,1.35,-0.74%,429.69,-8.45%,463.41,34.19%,645.42,4.64%,81.6,0.15%,0.82,-3.53%
May-93,337.01,2.46%,274,4.58%,1.33,-1.48%,468.13,8.95%,520.81,12.39%,776.63,20.33%,80.35,-1.53%,0.81,-1.22%
Jun-93,327.79,-2.74%,289,5.47%,1.3,-2.26%,470.06,0.41%,493.82,-5.18%,803.57,3.47%,76.95,-4.23%,0.81,0.00%
Jul-93,324.38,-1.04%,303,4.84%,1.27,-2.31%,464.93,-1.09%,467.02,-5.43%,829.75,3.26%,76.52,-0.56%,0.81,0.00%
Aug-93,313.93,-3.22%,306,0.99%,1.22,-3.94%,450.74,-3.05%,450.47,-3.54%,835.6,0.71%,79.32,3.66%,0.82,1.23%
Sep-93,310.83,-0.99%,288,-5.88%,1.22,0.00%,423.51,-6.04%,384.0,-14.76%,851.1,1.85%,80.43,1.40%,0.82,0.00%
Oct-93,316.62,1.86%,275,-4.51%,1.21,-0.82%,454.84,7.40%,378.13,-1.53%,851.33,0.03%,81.76,1.65%,0.8,-2.44%
Nov-93,325.5,2.80%,308,12.00%,1.21,0.00%,497.77,9.44%,333.36,-11.84%,835.17,-1.90%,80.82,-1.15%,0.81,1.25%
Dec-93,320.03,-1.68%,406,31.82%,1.31,8.26%,465.45,-6.49%,304.66,-8.61%,830.07,-0.61%,79.84,-1.21%,0.82,1.23%
Jan-94,320.1,0.02%,403,-0.74%,1.53,16.79%,542.31,16.51%,294.84,-3.22%,774.17,-6.73%,75.07,-5.97%,0.81,-1.22%
Feb-94,338.13,5.63%,384,-4.71%,1.78,16.34%,606.03,11.75%,303.35,2.89%,758.36,-2.04%,75.08,0.01%,0.85,4.94%
Mar-94,379.25,12.16%,365,-4.95%,1.8,1.12%,609.58,0.59%,310.48,2.35%,770.99,1.67%,78.96,5.17%,0.91,7.06%
Apr-94,376.82,-0.64%,377,3.29%,1.85,2.78%,645.79,5.94%,326.24,5.08%,819.89,6.34%,84.75,7.33%,0.95,4.40%
May-94,398.37,5.72%,408,8.22%,1.9,2.70%,719.63,11.43%,343.5,5.29%,855.1,4.29%,87.33,3.04%,0.98,3.16%
Jun-94,394.46,-0.98%,430,5.39%,1.89,-0.53%,779.41,8.31%,344.6,0.32%,876.8,2.54%,88.75,1.63%,1.05,7.14%
Jul-94,411.95,4.43%,430,0.00%,1.8,-4.76%,773.5,-0.76%,331.98,-3.66%,875.95,-0.10%,90.45,1.92%,1.25,19.05%
Aug-94,425.91,3.39%,443,3.02%,1.69,-6.11%,806.82,4.31%,316.74,-4.59%,887.33,1.30%,89.76,-0.76%,1.26,0.80%
Sep-94,444.48,4.36%,426,-3.84%,1.66,-1.78%,876.1,8.59%,299.92,-5.31%,861.73,-2.89%,93.77,4.47%,1.27,0.79%
Oct-94,433.45,-2.48%,409,-3.99%,1.63,-1.81%,824.64,-5.87%,291.55,-2.79%,806.86,-6.37%,93.67,-0.11%,1.37,7.87%
Nov-94,446.07,2.91%,464,13.45%,1.71,4.91%,881.7,6.92%,279.43,-4.16%,792.31,-1.80%,93.04,-0.67%,1.34,-2.19%
Dec-94,426.04,-4.49%,469,1.08%,1.92,12.28%,878.41,-0.37%,247.96,-11.26%,777.81,-1.83%,91.14,-2.04%,1.47,9.70%
Jan-95,447.06,4.93%,414,-11.73%,2.11,9.90%,904.18,2.93%,248.42,0.19%,793.98,2.08%,90.12,-1.12%,1.64,11.56%
Feb-95,467.94,4.67%,412,-0.48%,2.23,5.69%,892.34,-1.31%,251.8,1.36%,753.47,-5.10%,91.42,1.44%,1.77,7.93%
Mar-95,516.73,10.43%,412,0.00%,2.44,9.42%,887.13,-0.58%,283.1,12.43%,714.2,-5.21%,97.95,7.14%,1.8,1.69%
Apr-95,520.27,0.69%,413,0.24%,2.51,2.87%,867.85,-2.17%,300.91,6.29%,732.6,2.58%,102.32,4.46%,1.84,2.22%
May-95,516.49,-0.73%,410,-0.73%,2.53,0.80%,839.28,-3.29%,285.43,-5.14%,750.78,2.48%,99.61,-2.65%,1.72,-6.52%
Jun-95,519.41,0.57%,425,3.66%,2.0,-20.95%,826.06,-1.58%,274.22,-3.93%,759.1,1.11%,92.43,-7.21%,1.54,-10.47%
Jul-95,537.66,3.51%,448,5.41%,1.93,-3.50%,751.11,-9.07%,259.57,-5.34%,752.33,-0.89%,85.71,-7.27%,1.33,-13.64%
Aug-95,547.44,1.82%,458,2.23%,1.88,-2.59%,789.25,5.08%,235.66,-9.21%,741.7,-1.41%,82.46,-3.79%,1.3,-2.26%
Sep-95,507.04,-7.38%,450,-1.75%,2.01,6.91%,732.98,-7.13%,221.73,-5.91%,728.71,-1.75%,82.43,-0.04%,1.35,3.85%
Oct-95,495.99,-2.18%,464,3.11%,2.01,0.00%,622.07,-15.13%,233.86,5.47%,723.5,-0.71%,82.2,-0.28%,1.41,4.44%
Nov-95,436.58,-11.98%,488,5.17%,1.97,-1.99%,600.95,-3.40%,230.96,-1.24%,716.06,-1.03%,77.96,-5.16%,1.61,14.18%
Dec-95,453.11,3.79%,468,-4.10%,1.94,-1.52%,590.53,-1.73%,241.78,4.68%,715.85,-0.03%,73.05,-6.30%,1.64,1.86%
Jan-96,456.77,0.81%,456,-2.56%,1.9,-2.06%,584.39,-1.04%,234.29,-3.10%,719.36,0.49%,73.56,0.70%,1.55,-5.49%
Feb-96,450.38,-1.40%,475,4.17%,1.87,-1.58%,525.31,-10.11%,246.43,5.18%,713.66,-0.79%,75.13,2.13%,1.56,0.65%
Mar-96,439.18,-2.49%,461,-2.95%,1.83,-2.14%,573.83,9.24%,253.01,2.67%,728.68,2.10%,77.99,3.81%,1.48,-5.13%
Apr-96,416.56,-5.15%,479,3.90%,1.83,0.00%,597.67,4.15%,252.48,-0.21%,751.38,3.12%,84.66,8.55%,1.46,-1.35%
May-96,440.06,5.64%,503,5.01%,1.83,0.00%,743.54,24.41%,261.65,3.63%,753.11,0.23%,87.56,3.43%,1.48,1.37%
Jun-96,447.61,1.72%,550,9.34%,1.83,0.00%,701.36,-5.67%,255.85,-2.22%,747.91,-0.69%,82.15,-6.18%,1.47,-0.68%
Jul-96,420.32,-6.10%,534,-2.91%,1.76,-3.83%,671.43,-4.27%,259.69,1.50%,743.97,-0.53%,89.64,9.12%,1.35,-8.16%
Aug-96,417.67,-0.63%,495,-7.30%,1.68,-4.55%,751.65,11.95%,263.48,1.46%,743.43,-0.07%,96.09,7.20%,1.3,-3.70%
Sep-96,404.38,-3.18%,475,-4.04%,1.66,-1.19%,738.33,-1.77%,258.69,-1.82%,755.31,1.60%,98.91,2.93%,1.3,0.00%
Oct-96,416.41,2.97%,470,-1.05%,1.66,0.00%,681.61,-7.68%,252.67,-2.33%,753.33,-0.26%,101.51,2.63%,1.24,-4.62%
Nov-96,419.48,0.74%,471,0.21%,1.68,1.20%,616.97,-9.48%,253.21,0.21%,753.65,0.04%,89.97,-11.37%,1.27,2.42%
Dec-96,417.72,-0.42%,498,5.73%,1.75,4.17%,632.94,2.59%,233.76,-7.68%,726.84,-3.56%,90.69,0.80%,1.26,-0.79%
Jan-97,408.62,-2.18%,506,1.61%,1.76,0.57%,677.73,7.08%,240.56,2.91%,740.31,1.85%,90.02,-0.74%,1.23,-2.38%
Feb-97,442.94,8.40%,496,-1.98%,1.77,0.57%,730.96,7.85%,235.18,-2.24%,753.29,1.75%,93.49,3.85%,1.22,-0.81%
Mar-97,425.82,-3.87%,489,-1.41%,1.78,0.56%,719.66,-1.55%,242.04,2.92%,756.65,0.45%,99.46,6.39%,1.23,0.82%
Apr-97,451.19,5.96%,466,-4.70%,1.74,-2.25%,764.21,6.19%,240.16,-0.78%,749.82,-0.90%,98.68,-0.78%,1.15,-6.50%
May-97,467.49,3.61%,428,-8.15%,1.75,0.57%,805,5.34%,252.18,5.00%,747.56,-0.30%,89.44,-9.36%,1.11,-3.48%
Jun-97,478.76,2.41%,415,-3.04%,1.78,1.71%,829.35,3.02%,264.32,4.81%,736.6,-1.47%,81.57,-8.80%,1.11,0.00%
Jul-97,478.56,-0.04%,399,-3.86%,1.79,0.56%,826.26,-0.37%,254.34,-3.78%,705.7,-4.19%,80.11,-1.79%,0.94,-15.32%
Aug-97,427.63,-10.64%,385,-3.51%,1.79,0.00%,765.93,-7.30%,244.23,-3.97%,649.0,-8.03%,83.9,4.73%,0.92,-2.13%
Sep-97,448.81,4.95%,403,4.68%,1.76,-1.68%,801.91,4.70%,232.74,-4.70%,587.03,-9.55%,84.54,0.76%,0.87,-5.43%
Oct-97,435.41,-2.99%,412,2.23%,1.71,-2.84%,769.16,-4.08%,227.39,-2.30%,534.52,-8.95%,86.35,2.14%,0.87,0.00%
Nov-97,434.67,-0.17%,412,0.00%,1.7,-0.58%,739.89,-3.81%,214.79,-5.54%,516.44,-3.38%,89.18,3.28%,0.84,-3.45%
Dec-97,413.62,-4.84%,394,-4.37%,1.64,-3.53%,688.07,-7.00%,211.1,-1.72%,471.02,-8.79%,82.29,-7.73%,0.73,-13.10%
Jan-98,399.02,-3.53%,378,-4.06%,1.59,-3.05%,636.11,-7.55%,197.1,-6.63%,413.37,-12.24%,66.79,-18.84%,0.68,-6.85%
Feb-98,406.64,1.91%,371,-1.85%,1.52,-4.40%,631.72,-0.69%,202.54,2.76%,504.15,21.96%,77.62,16.22%,0.82,20.59%
Mar-98,384.83,-5.36%,378,1.89%,1.51,-0.66%,625.92,-0.92%,190.94,-5.73%,506.13,0.39%,82.61,6.43%,0.74,-9.76%
Apr-98,379.81,-1.30%,380,0.53%,1.45,-3.97%,627.82,0.30%,166.49,-12.81%,505.98,-0.03%,83.77,1.40%,0.77,4.05%
May-98,355.7,-6.35%,420,10.53%,1.42,-2.07%,606.13,-3.45%,146.68,-11.90%,472.69,-6.58%,85.03,1.50%,0.78,1.30%
Jun-98,348.24,-2.10%,414,-1.43%,1.52,7.04%,595.3,-1.79%,137.41,-6.32%,451.42,-4.50%,83.2,-2.15%,0.7,-10.26%
Jul-98,308.83,-11.32%,402,-2.90%,1.54,1.32%,583.14,-2.04%,134.96,-1.78%,437.6,-3.06%,81.09,-2.54%,0.7,0.00%
Aug-98,296.93,-3.85%,403,0.25%,1.5,-2.60%,500.19,-14.22%,136.94,1.47%,455.58,4.11%,81.11,0.02%,0.65,-7.14%
Sep-98,280.11,-5.66%,409,1.49%,1.46,-2.67%,462.89,-7.46%,150.19,9.68%,503.5,10.52%,75.39,-7.05%,0.68,4.62%
Oct-98,286.85,2.41%,439,7.33%,1.36,-6.85%,417.47,-9.81%,162.95,8.50%,510.49,1.39%,68.27,-9.44%,0.73,7.35%
Nov-98,294.93,2.82%,465,5.92%,1.24,-8.82%,472.27,13.13%,159.45,-2.15%,513.99,0.69%,67.41,-1.26%,0.72,-1.37%
Dec-98,294.77,-0.05%,474,1.94%,1.23,-0.81%,474.81,0.54%,163.46,2.51%,534.97,4.08%,68.03,0.92%,0.67,-6.94%
Jan-99,299.37,1.56%,471,-0.63%,1.23,0.00%,489.07,3.00%,176.22,7.81%,538.46,0.65%,69.15,1.65%,0.71,5.97%
Feb-99,287.1,-4.10%,451,-4.25%,1.24,0.81%,493.14,0.83%,177.12,0.51%,538.46,0.00%,69.84,1.00%,0.69,-2.82%
Mar-99,297.46,3.61%,451,0.00%,1.25,0.81%,626.64,27.07%,172.52,-2.60%,555.94,3.25%,70.76,1.32%,0.64,-7.25%
Apr-99,298.88,0.48%,504,11.75%,1.27,1.60%,680.43,8.58%,175.18,1.54%,566.43,1.89%,67.17,-5.07%,0.59,-7.81%
May-99,288.74,-3.39%,530,5.16%,1.32,3.94%,620.3,-8.84%,176.52,0.76%,580.42,2.47%,65.98,-1.77%,0.6,1.69%
Jun-99,288.32,-0.15%,530,0.00%,1.29,-2.27%,676.74,9.10%,183.55,3.98%,608.39,4.82%,66.76,1.18%,0.6,0.00%
Jul-99,286.32,-0.69%,449,-15.28%,1.2,-6.98%,690.03,1.96%,186.53,1.62%,622.38,2.30%,68.08,1.98%,0.57,-5.00%
Aug-99,254.34,-11.17%,431,-4.01%,1.12,-6.67%,631.04,-8.55%,198.44,6.39%,629.37,1.12%,72.36,6.29%,0.56,-1.75%
Sep-99,247.09,-2.85%,421,-2.32%,1.09,-2.68%,623.26,-1.23%,202.78,2.19%,643.36,2.22%,77.76,7.46%,0.54,-3.57%
Oct-99,247.29,0.08%,430,2.14%,1.05,-3.67%,619.83,-0.55%,198.38,-2.17%,643.36,0.00%,80.45,3.46%,0.65,20.37%
Nov-99,255.49,3.32%,436,1.40%,1.02,-2.86%,631.74,1.92%,198.59,0.11%,643.36,0.00%,79.64,-1.01%,0.74,13.85%
Dec-99,267.26,4.61%,434,-0.46%,0.97,-4.90%,648.77,2.70%,199.49,0.45%,643.36,0.00%,77.86,-2.24%,0.65,-12.16%
Jan-00,276.44,3.43%,420,-3.23%,1.05,8.25%,724.21,11.63%,193.08,-3.21%,643.36,0.00%,76.28,-2.03%,0.64,-1.54%
Feb-00,260.07,-5.92%,411,-2.14%,1.18,12.38%,727.09,0.40%,184.11,-4.65%,643.36,0.00%,75.88,-0.52%,0.74,15.63%
Mar-00,267.1,2.70%,399,-2.92%,1.26,6.78%,767.31,5.53%,190.87,3.67%,636.36,-1.09%,77.9,2.66%,0.68,-8.11%
Apr-00,273.81,2.51%,353,-11.53%,1.29,2.38%,801.42,4.45%,194.19,1.74%,636.36,0.00%,78.67,0.99%,0.7,2.94%
May-00,290.37,6.05%,324,-8.22%,1.33,3.10%,817.72,2.03%,189.5,-2.42%,633.93,-0.38%,79.24,0.72%,0.69,-1.43%
Jun-00,293.98,1.24%,295,-8.95%,1.31,-1.50%,764.33,-6.53%,194.18,2.47%,629.37,-0.72%,75.06,-5.28%,0.67,-2.90%
Jul-00,302.36,2.85%,284,-3.73%,1.29,-1.53%,746.93,-2.28%,191.07,-1.60%,628.21,-0.18%,77.52,3.28%,0.65,-2.99%
Aug-00,289.92,-4.11%,274,-3.52%,1.34,3.88%,717.29,-3.97%,191.08,0.01%,604.9,-3.71%,81.61,5.28%,0.66,1.54%
Sep-00,283.27,-2.29%,222,-18.98%,1.36,1.49%,695.9,-2.98%,193.57,1.30%,544.96,-9.91%,85.44,4.69%,0.66,0.00%
Oct-00,279.87,-1.20%,210,-5.41%,1.34,-1.47%,688.38,-1.08%,189.44,-2.13%,538.46,-1.19%,85.41,-0.04%,0.66,0.00%
Nov-00,267.66,-4.36%,237,12.86%,1.41,5.22%,663.53,-3.61%,188.11,-0.70%,526.38,-2.24%,84.43,-1.15%,0.63,-4.55%
Dec-00,286.88,7.18%,228,-3.80%,1.45,2.84%,688.39,3.75%,180.16,-4.23%,524.48,-0.36%,85.25,0.97%,0.62,-1.59%
Jan-01,309.69,7.95%,205,-10.09%,1.41,-2.76%,716.14,4.03%,171.87,-4.60%,517.48,-1.33%,85.32,0.08%,0.61,-1.61%
Feb-01,323.95,4.60%,193,-5.85%,1.33,-5.67%,733.28,2.39%,173.43,0.91%,501.75,-3.04%,84.49,-0.97%,0.6,-1.64%
Mar-01,315.36,-2.65%,182,-5.70%,1.2,-9.77%,688.23,-6.14%,166.15,-4.20%,500.0,-0.35%,93.27,10.39%,0.57,-5.00%
Apr-01,327.52,3.86%,183,0.55%,1.13,-5.83%,760.63,10.52%,162.52,-2.18%,500.0,0.00%,101.32,8.63%,0.58,1.75%
May-01,325.69,-0.56%,189,3.28%,1.1,-2.65%,716.77,-5.77%,165.05,1.56%,500.0,0.00%,102.29,0.96%,0.61,5.17%
Jun-01,326.92,0.38%,196,3.70%,1.05,-4.55%,683.81,-4.60%,164.75,-0.18%,476.69,-4.66%,97.53,-4.65%,0.62,1.64%
Jul-01,328.26,0.41%,223,13.78%,1.0,-4.76%,630.79,-7.75%,159.29,-3.31%,481.09,0.92%,87.89,-9.88%,0.6,-3.23%
Aug-01,348.94,6.30%,235,5.38%,0.96,-4.00%,617.91,-2.04%,158.99,-0.19%,475.52,-1.16%,76.94,-12.46%,0.59,-1.67%
Sep-01,340.53,-2.41%,210,-10.64%,0.91,-5.21%,524.19,-15.17%,156.31,-1.69%,489.51,2.94%,73.06,-5.04%,0.58,-1.69%
Oct-01,330.29,-3.01%,195,-7.14%,0.82,-9.89%,441.98,-15.68%,149.64,-4.27%,484.65,-0.99%,70.88,-2.98%,0.54,-6.90%
Nov-01,335.91,1.70%,202,3.59%,0.84,2.44%,466.09,5.45%,142.5,-4.77%,465.99,-3.85%,72.88,2.82%,0.51,-5.56%
Dec-01,376.13,11.97%,212,4.95%,0.95,13.10%,501.44,7.58%,138.13,-3.07%,468.86,0.62%,69.34,-4.86%,0.49,-3.92%
Jan-02,444.11,18.07%,221,4.25%,0.96,1.05%,599.55,19.57%,133.28,-3.51%,470.96,0.45%,68.35,-1.43%,0.57,16.33%
Feb-02,516.35,16.27%,232,4.98%,0.94,-2.08%,621.99,3.74%,134.58,0.98%,482.52,2.45%,72.24,5.69%,0.62,8.77%
Mar-02,529.16,2.48%,232,0.00%,0.93,-1.06%,607.57,-2.32%,143.81,6.86%,482.18,-0.07%,80.3,11.16%,0.67,8.06%
Apr-02,525.07,-0.77%,244,5.17%,0.91,-2.15%,614.56,1.15%,143.94,0.09%,485.06,0.60%,83.69,4.22%,0.67,0.00%
May-02,519.78,-1.01%,263,7.79%,0.88,-3.30%,619.09,0.74%,153.43,6.59%,484.65,-0.08%,84.14,0.54%,0.7,4.48%
Jun-02,548.84,5.59%,289,9.89%,0.96,9.09%,603.14,-2.58%,163.55,6.60%,500.0,3.17%,86.98,3.38%,0.84,20.00%
Jul-02,539.68,-1.67%,289,0.00%,1.03,7.29%,569.12,-5.64%,178.82,9.34%,507.45,1.49%,84.39,-2.98%,0.83,-1.19%
Aug-02,534.99,-0.87%,290,0.35%,1.09,5.83%,575.72,1.16%,181.94,1.74%,532.74,4.98%,85.63,1.47%,0.86,3.61%
Sep-02,584.34,9.22%,270,-6.90%,1.08,-0.92%,642.41,11.58%,181.95,0.01%,564.77,6.01%,85.74,0.13%,0.89,3.49%
Oct-02,664.34,13.69%,274,1.48%,1.09,0.93%,748.18,16.46%,179.88,-1.14%,565.22,0.08%,85.7,-0.05%,0.83,-6.74%
Nov-02,691.81,4.13%,290,5.84%,1.15,5.50%,768.39,2.70%,183.47,2.00%,564.44,-0.14%,81.21,-5.24%,0.84,1.20%
Dec-02,689.34,-0.36%,301,3.79%,1.22,6.09%,763.16,-0.68%,182.22,-0.68%,565.16,0.13%,70.62,-13.04%,0.85,1.19%
Jan-03,725.81,5.29%,311,3.32%,1.25,2.46%,800.63,4.91%,187.78,3.05%,552.45,-2.25%,69.8,-1.16%,0.91,7.06%
Feb-03,734.89,1.25%,309,-0.64%,1.29,3.20%,778.49,-2.77%,186.81,-0.52%,549.83,-0.47%,70.93,1.62%,0.99,8.79%
Mar-03,681.58,-7.25%,291,-5.83%,1.35,4.65%,733.7,-5.75%,184.18,-1.41%,549.12,-0.13%,70.11,-1.16%,1.06,7.07%
Apr-03,685.72,0.61%,273,-6.19%,1.34,-0.74%,740.17,0.88%,180.0,-2.27%,550.06,0.17%,67.97,-3.05%,1.0,-5.66%
May-03,633.01,-7.69%,276,1.10%,1.28,-4.48%,678.33,-8.35%,183.88,2.16%,554.83,0.87%,63.55,-6.50%,1.0,0.00%
Jun-03,680.28,7.47%,279,1.09%,1.29,0.78%,697.09,2.77%,182.34,-0.84%,552.45,-0.43%,61.28,-3.57%,1.03,3.00%
Jul-03,684.95,0.69%,279,0.00%,1.33,3.10%,678.54,-2.66%,181.67,-0.37%,552.45,0.00%,63.84,4.18%,1.0,-2.91%
Aug-03,653.47,-4.60%,275,-1.43%,1.33,0.00%,670.87,-1.13%,181.46,-0.12%,559.44,1.27%,68.52,7.33%,1.05,5.00%
Sep-03,647.28,-0.95%,274.25,-0.27%,1.41,6.02%,674.52,0.54%,187.19,3.16%,545.45,-2.50%,71.15,3.84%,1.11,5.71%
Oct-03,602.73,-6.88%,297,8.30%,1.6,13.48%,664.39,-1.50%,196.77,5.12%,545.45,0.00%,70.5,-0.91%,1.3,17.12%
Nov-03,589.76,-2.15%,335,12.79%,1.7,6.25%,646.52,-2.69%,197.46,0.35%,545.45,0.00%,70.75,0.35%,1.28,-1.54%
Dec-03,588.41,-0.23%,400,19.40%,1.62,-4.71%,661.25,2.28%,196.44,-0.52%,538.46,-1.28%,71.23,0.68%,1.26,-1.56%
Jan-04,613.51,4.27%,388,-3.00%,1.67,3.09%,729.36,10.30%,199.06,1.33%,538.46,0.00%,72.44,1.70%,1.24,-1.59%
Feb-04,611.93,-0.26%,415,6.96%,1.63,-2.40%,721.52,-1.07%,199.0,-0.03%,552.45,2.60%,69.54,-4.00%,1.28,3.23%
Mar-04,587.69,-3.96%,450,8.43%,1.59,-2.45%,708.75,-1.77%,195.2,-1.91%,552.45,0.00%,67.28,-3.25%,1.33,3.91%
Apr-04,554.63,-5.63%,500,11.11%,1.53,-3.77%,706.12,-0.37%,197.96,1.41%,552.45,0.00%,63.66,-5.38%,1.37,3.01%
May-04,533.09,-3.88%,498,-0.40%,1.54,0.65%,676.93,-4.13%,188.43,-4.81%,587.41,6.33%,62.94,-1.13%,1.35,-1.46%
Jun-04,560.59,5.16%,471,-5.42%,1.42,-7.79%,708.15,4.61%,198.62,5.41%,590.91,0.60%,65.1,3.43%,1.37,1.48%
Jul-04,553.05,-1.35%,445,-5.52%,1.26,-11.27%,717.64,1.34%,200.45,0.92%,594.41,0.59%,67.66,3.93%,1.28,-6.57%
Aug-04,528.97,-4.35%,440,-1.12%,1.19,-5.56%,714.35,-0.46%,198.65,-0.90%,594.41,0.00%,68.87,1.79%,1.23,-3.91%
Sep-04,500.93,-5.30%,448,1.82%,1.24,4.20%,703.6,-1.50%,199.27,0.31%,594.41,0.00%,68.2,-0.97%,1.24,0.81%
Oct-04,508.86,1.58%,447,-0.22%,1.16,-6.45%,718.96,2.18%,197.96,-0.66%,601.4,1.18%,67.22,-1.44%,1.27,2.42%
Nov-04,537.86,5.70%,449,0.45%,1.08,-6.90%,736.03,2.37%,202.13,2.11%,608.39,1.16%,66.5,-1.07%,1.23,-3.15%
Dec-04,547.3,1.76%,449,0.00%,1.07,-0.93%,717.96,-2.46%,190.35,-5.83%,608.39,0.00%,66.09,-0.62%,1.18,-4.07%
Jan-05,556.94,1.76%,429.5,-4.34%,1.13,5.61%,730.77,1.78%,191.43,0.57%,636.36,4.60%,65.84,-0.38%,1.18,0.00%
Feb-05,549.33,-1.37%,440,2.44%,1.16,2.65%,734.66,0.53%,191.02,-0.21%,636.36,0.00%,66.01,0.26%,1.26,6.78%
Mar-05,545.18,-0.76%,474,7.73%,1.24,6.90%,728.58,-0.83%,193.65,1.38%,646.85,1.65%,65.83,-0.27%,1.32,4.76%
Apr-05,543.69,-0.27%,460,-2.95%,1.26,1.61%,729.18,0.08%,194.15,0.26%,643.36,-0.54%,64.6,-1.87%,1.31,-0.76%
May-05,543.49,-0.04%,446.25,-2.99%,1.23,-2.38%,717.13,-1.65%,202.52,4.31%,657.34,2.17%,64.5,-0.15%,1.36,3.82%
Jun-05,553.32,1.81%,433,-2.97%,1.19,-3.25%,684.6,-4.54%,203.12,0.30%,657.34,0.00%,65.6,1.71%,1.46,7.35%
Jul-05,563.57,1.85%,425,-1.85%,1.21,1.68%,692.06,1.09%,205.53,1.19%,657.34,0.00%,66.26,1.01%,1.69,15.75%
Aug-05,531.87,-5.62%,371,-12.71%,1.19,-1.65%,668.84,-3.36%,211.94,3.12%,664.34,1.06%,66.22,-0.06%,1.6,-5.33%
Sep-05,517.85,-2.64%,346,-6.74%,1.21,1.68%,647.4,-3.21%,216.8,2.29%,671.33,1.05%,65.68,-0.82%,1.7,6.25%
Oct-05,500.83,-3.29%,384,10.98%,1.28,5.79%,622.57,-3.84%,211.27,-2.55%,671.33,0.00%,65.33,-0.53%,1.7,0.00%
Nov-05,481.51,-3.86%,383.75,-0.07%,1.25,-2.34%,593.69,-4.64%,205.47,-2.75%,685.31,2.08%,65.9,0.87%,1.6,-5.88%
Dec-05,479.73,-0.37%,372,-3.06%,1.25,0.00%,583.24,-1.76%,210.52,2.46%,685.31,0.00%,65.91,0.02%,1.68,5.00%
Jan-06,496.6,3.52%,372.5,0.13%,1.29,3.20%,639.17,9.59%,221.0,4.98%,713.29,4.08%,65.6,-0.47%,1.88,11.90%
Feb-06,520.76,4.87%,392.5,5.37%,1.32,2.33%,709.73,11.04%,222.54,0.70%,713.29,0.00%,66.1,0.76%,2.06,9.57%
Mar-06,528.71,1.53%,385,-1.91%,1.27,-3.79%,698.75,-1.55%,225.16,1.18%,713.29,0.00%,66.86,1.15%,2.07,0.49%
Apr-06,515.46,-2.51%,372,-3.38%,1.24,-2.36%,697.7,-0.15%,229.39,1.88%,720.28,0.98%,67.59,1.09%,2.14,3.38%
May-06,522,1.27%,390,4.84%,1.2,-3.23%,732.25,4.95%,244.17,6.44%,759.9,5.50%,69.04,2.15%,2.45,14.49%
Jun-06,515.63,-1.22%,387,-0.77%,1.22,1.67%,714.49,-2.43%,238.46,-2.34%,749.27,-1.40%,69.45,0.59%,2.7,10.20%
Jul-06,522.87,1.40%,383.75,-0.84%,1.22,0.00%,704.85,-1.35%,236.12,-0.98%,749.62,0.05%,68.79,-0.95%,2.48,-8.15%
Aug-06,534.29,2.18%,404,5.28%,1.32,8.20%,717.56,1.80%,240.03,1.66%,769.3,2.63%,68.96,0.25%,2.18,-12.10%
Sep-06,521.83,-2.33%,413,2.23%,1.3,-1.52%,704.91,-1.76%,246.47,2.68%,766.66,-0.34%,69.81,1.23%,1.81,-16.97%
Oct-06,524.66,0.54%,410.5,-0.61%,1.26,-3.08%,690.74,-2.01%,245.32,-0.47%,762.07,-0.60%,69.68,-0.19%,1.82,0.55%
Nov-06,640.02,21.99%,434,5.72%,1.27,0.79%,790.34,14.42%,256.02,4.36%,776.99,1.96%,71.58,2.73%,1.62,-10.99%
Dec-06,644.21,0.65%,486,11.98%,1.31,3.15%,790.69,0.04%,268.46,4.86%,798.18,2.73%,73.71,2.98%,1.73,6.79%
Jan-07,715.51,11.07%,483.75,-0.46%,1.3,-0.76%,893.66,13.02%,262.27,-2.31%,796.35,-0.23%,75.88,2.94%,2.08,20.23%
Feb-07,706.96,-1.19%,503,3.98%,1.28,-1.54%,875.62,-2.02%,262.56,0.11%,795.36,-0.12%,77.7,2.40%,2.28,9.62%
Mar-07,724.75,2.52%,509,1.19%,1.29,0.78%,914.02,4.39%,269.66,2.70%,791.45,-0.49%,77.65,-0.06%,2.23,-2.19%
Apr-07,742.55,2.46%,552.5,8.55%,1.26,-2.33%,940.37,2.88%,266.04,-1.34%,808.81,2.19%,77.87,0.28%,2.32,4.04%
May-07,788.25,6.15%,592,7.15%,1.22,-3.17%,989.08,5.18%,261.95,-1.54%,806.21,-0.32%,76.81,-1.36%,2.37,2.16%
Jun-07,787.58,-0.08%,653,10.30%,1.34,9.84%,987.73,-0.14%,257.91,-1.54%,807.06,0.11%,73.26,-4.62%,2.23,-5.91%
Jul-07,761.64,-3.29%,612.75,-6.16%,1.5,11.94%,936.34,-5.20%,263.05,1.99%,826.41,2.40%,67.67,-7.63%,2.08,-6.73%
Aug-07,732.83,-3.78%,595,-2.90%,1.47,-2.00%,914.11,-2.37%,270.93,3.00%,816.74,-1.17%,67.09,-0.86%,2.11,1.44%
Sep-07,765.24,4.42%,613.75,3.15%,1.5,2.04%,943.08,3.17%,274.96,1.49%,819.62,0.35%,68.27,1.76%,2.16,2.37%
Oct-07,807.45,5.52%,657.5,7.13%,1.52,1.33%,"1,080.64",14.59%,271.68,-1.19%,812.95,-0.81%,66.76,-2.21%,2.33,7.87%
Nov-07,828.19,2.57%,748,13.76%,1.54,1.32%,"1,102.71",2.04%,279.41,2.85%,806.27,-0.82%,68.3,2.31%,2.48,6.44%
Dec-07,817.45,-1.30%,765,2.27%,1.53,-0.65%,"1,097.26",-0.49%,275.34,-1.46%,788.33,-2.23%,68.4,0.15%,2.48,0.00%
Jan-08,840.86,2.86%,848,10.85%,1.61,5.23%,"1,157.37",5.48%,287.08,4.26%,812.62,3.08%,65.47,-4.28%,2.62,5.65%
Feb-08,843.77,0.35%,921,8.61%,1.65,2.48%,"1,154.25",-0.27%,288.4,0.46%,855.84,5.32%,65.35,-0.18%,2.79,6.49%
Mar-08,835.3,-1.00%,971.67,5.50%,1.77,7.27%,"1,136.00",-1.58%,304.85,5.70%,912.45,6.61%,65.83,0.73%,2.79,0.00%
Apr-08,823.97,-1.36%,962.5,-0.94%,1.66,-6.21%,"1,133.42",-0.23%,291.76,-4.29%,940.97,3.13%,67.36,2.32%,2.84,1.79%
May-08,781.49,-5.16%,"1,013.75",5.32%,1.63,-1.81%,"1,062.44",-6.26%,282.97,-3.01%,933.58,-0.79%,67.26,-0.15%,3.05,7.39%
Jun-08,778.46,-0.39%,"1,062.50",4.81%,1.7,4.29%,"1,041.10",-2.01%,272.29,-3.77%,932.89,-0.07%,67.43,0.25%,3.22,5.57%
Jul-08,793.63,1.95%,946,-10.96%,1.7,0.00%,"1,047.97",0.66%,275.76,1.27%,932.77,-0.01%,68.15,1.07%,3.2,-0.62%
Aug-08,717.57,-9.58%,780,-17.55%,1.72,1.18%,941.71,-10.14%,272.95,-1.02%,879.39,-5.72%,68.95,1.17%,2.93,-8.44%
Sep-08,656.35,-8.53%,723.75,-7.21%,1.62,-5.81%,896.79,-4.77%,284.47,4.22%,888.76,1.07%,68.22,-1.06%,2.83,-3.41%
Oct-08,510.28,-22.25%,585,-19.17%,1.37,-15.43%,734.91,-18.05%,304.45,7.02%,861.7,-3.04%,68.15,-0.10%,1.92,-32.16%
Nov-08,450.98,-11.62%,479,-18.12%,1.21,-11.68%,646.17,-12.07%,315.97,3.78%,872.33,1.23%,61.53,-9.71%,1.65,-14.06%
Dec-08,477.83,5.95%,495,3.34%,1.22,0.83%,666.39,3.13%,326.62,3.37%,845.8,-3.04%,35.6,-42.14%,1.2,-27.27%
Jan-09,464.59,-2.77%,478.75,-3.28%,1.27,4.10%,625.45,-6.14%,329.65,0.93%,818.45,-3.23%,38.06,6.91%,1.49,24.17%
Feb-09,449.72,-3.20%,446,-6.84%,1.22,-3.94%,586.26,-6.27%,322.45,-2.18%,806.65,-1.44%,34.79,-8.59%,1.46,-2.01%
Mar-09,460.47,2.39%,416,-6.73%,1.14,-6.56%,617.15,5.27%,288.57,-10.51%,815.86,1.14%,28.59,-17.82%,1.43,-2.05%
Apr-09,516.6,12.19%,499,19.95%,1.25,9.65%,686.86,11.30%,283.13,-1.89%,815.68,-0.02%,28.99,1.40%,1.62,13.29%
May-09,599.31,16.01%,558.75,11.97%,1.37,9.60%,761.34,10.84%,291.06,2.80%,855.42,4.87%,30.47,5.11%,1.69,4.32%
Jun-09,609.15,1.64%,480,-14.09%,1.35,-1.46%,741.73,-2.58%,279.25,-4.06%,817.9,-4.39%,37.38,22.68%,1.67,-1.18%
Jul-09,609.3,0.02%,448,-6.67%,1.43,5.93%,763.62,2.95%,281.42,0.78%,760.28,-7.04%,48.31,29.24%,1.75,4.79%
Aug-09,655.49,7.58%,492.25,9.88%,1.42,-0.70%,822.57,7.72%,276.62,-1.71%,769.67,1.24%,57.85,19.75%,2.06,17.71%
Sep-09,690.91,5.40%,466,-5.33%,1.41,-0.70%,867.58,5.47%,280.84,1.53%,784.27,1.90%,55.33,-4.36%,2.17,5.34%
Oct-09,743.59,7.62%,470,0.86%,1.47,4.26%,944.85,8.91%,276.62,-1.50%,805.1,2.66%,53.59,-3.14%,2.35,8.29%
Nov-09,756.8,1.78%,492.5,4.79%,1.58,7.48%,953.95,0.96%,271.97,-1.68%,821.06,1.98%,61.63,15.00%,2.54,8.09%
Dec-09,780.4,3.12%,509,3.35%,1.68,6.33%,970.08,1.69%,264.83,-2.63%,795.96,-3.06%,63.47,2.99%,2.8,10.24%
Jan-10,842.89,8.01%,524,2.95%,1.71,1.79%,"1,001.54",3.24%,258.22,-2.50%,792.44,-0.44%,65.36,2.98%,3.09,10.36%
Feb-10,818.02,-2.95%,538,2.67%,1.76,2.92%,972.9,-2.86%,252.76,-2.11%,781.0,-1.44%,67.63,3.47%,3.13,1.29%
Mar-10,850.47,3.97%,608,13.01%,1.89,7.39%,"1,004.69",3.27%,249.84,-1.16%,790.1,1.17%,69.26,2.41%,3.34,6.71%
Apr-10,817.36,-3.89%,628,3.29%,1.94,2.65%,992.28,-1.24%,246.04,-1.52%,820.21,3.81%,72.12,4.13%,3.95,18.26%
May-10,764.57,-6.46%,623.8,-0.67%,1.99,2.58%,919.88,-7.30%,253.66,3.10%,836.47,1.98%,72.2,0.11%,3.67,-7.09%
Jun-10,762.81,-0.23%,651,4.36%,2.05,3.02%,919.52,-0.04%,260.84,2.83%,841.09,0.55%,73.67,2.04%,3.57,-2.72%
Jul-10,779.24,2.15%,689,5.84%,1.86,-9.27%,918.35,-0.13%,274.91,5.39%,871.18,3.58%,73.74,0.10%,3.27,-8.40%
Aug-10,788.43,1.18%,772,12.05%,1.99,6.99%,935.59,1.88%,294.67,7.19%,892.18,2.41%,72.14,-2.17%,3.32,1.53%
Sep-10,790.39,0.25%,847,9.72%,2.31,16.08%,988.23,5.63%,310.91,5.51%,875.96,-1.82%,71.86,-0.39%,3.53,6.33%
Oct-10,853.99,8.05%,947,11.81%,2.79,20.78%,"1,084.72",9.76%,316.36,1.75%,880.17,0.48%,73.68,2.53%,3.92,11.05%
Nov-10,889.49,4.16%,"1,013.30",7.00%,3.41,22.22%,"1,274.93",17.54%,313.32,-0.96%,901.45,2.42%,75.24,2.12%,4.31,9.95%
Dec-10,883.84,-0.64%,"1,154.00",13.89%,3.7,8.50%,"1,266.17",-0.69%,306.54,-2.16%,896.99,-0.49%,76.57,1.77%,4.75,10.21%
Jan-11,"1,011.45",14.44%,"1,354.00",17.33%,3.94,6.49%,"1,549.40",22.37%,315.32,2.86%,907.78,1.20%,78.45,2.46%,5.52,16.21%
Feb-11,"1,060.91",4.89%,"1,503.00",11.00%,4.7,19.29%,"1,633.11",5.40%,328.63,4.22%,927.81,2.21%,69.83,-10.99%,6.26,13.41%
Mar-11,"1,209.44",14.00%,"1,280.00",-14.84%,5.06,7.66%,"1,702.98",4.28%,334.76,1.87%,929.22,0.15%,88.0,26.02%,5.42,-13.42%
Apr-11,"1,309.26",8.25%,"1,421.00",11.02%,4.78,-5.53%,"1,743.67",2.39%,343.5,2.61%,946.21,1.83%,88.0,0.00%,5.85,7.93%
May-11,"1,302.51",-0.52%,"1,419.00",-0.14%,3.65,-23.64%,"1,792.97",2.83%,385.25,12.15%,958.13,1.26%,88.0,0.00%,5.12,-12.48%
Jun-11,"1,385.67",6.38%,"1,186.00",-16.42%,3.18,-12.88%,"1,865.44",4.04%,417.56,8.39%,973.16,1.57%,88.0,0.00%,4.93,-3.71%
Jul-11,"1,362.27",-1.69%,"1,121.00",-5.48%,2.69,-15.41%,"1,786.85",-4.21%,430.49,3.10%,969.42,-0.38%,87.5,-0.57%,4.73,-4.06%
Aug-11,"1,248.45",-8.36%,985,-12.13%,2.52,-6.32%,"1,655.59",-7.35%,450.03,4.54%,973.6,0.43%,85.11,-2.73%,4.68,-1.06%
Sep-11,"1,170.50",-6.24%,867,-11.98%,2.58,2.38%,"1,593.20",-3.77%,453.63,0.80%,952.68,-2.15%,85.0,-0.13%,4.55,-2.78%
Oct-11,"1,053.65",-9.98%,803.8,-7.29%,2.44,-5.43%,"1,431.33",-10.16%,435.86,-3.92%,954.18,0.16%,78.13,-8.08%,4.06,-10.77%
Nov-11,"1,133.17",7.55%,980,21.92%,2.31,-5.33%,"1,469.25",2.65%,403.26,-7.48%,892.75,-6.44%,76.5,-2.09%,3.37,-17.00%
Dec-11,"1,165.66",2.87%,968,-1.22%,2.1,-9.09%,"1,434.37",-2.37%,387.86,-3.82%,888.44,-0.48%,72.0,-5.88%,3.38,0.30%
Jan-12,"1,279.54",9.77%,965,-0.31%,2.23,6.19%,"1,503.94",4.85%,387.75,-0.03%,877.0,-1.29%,73.0,1.39%,3.63,7.40%
Feb-12,"1,391.47",8.75%,945,-2.07%,2.22,-0.45%,"1,560.82",3.78%,374.98,-3.29%,885.07,0.92%,76.71,5.08%,4.0,10.19%
Mar-12,"1,340.63",-3.65%,888,-6.03%,2.19,-1.35%,"1,539.52",-1.36%,357.05,-4.78%,886.54,0.17%,82.25,7.22%,3.93,-1.75%
Apr-12,"1,286.37",-4.05%,903,1.69%,2.2,0.46%,"1,441.50",-6.37%,353.7,-0.94%,896.38,1.11%,84.0,2.13%,3.84,-2.29%
May-12,"1,231.12",-4.30%,769,-14.84%,1.95,-11.36%,"1,340.30",-7.02%,367.03,3.77%,892.16,-0.47%,84.0,0.00%,3.73,-2.86%
Jun-12,"1,203.80",-2.22%,708,-7.93%,1.81,-7.18%,"1,285.42",-4.09%,362.31,-1.29%,862.84,-3.29%,84.0,0.00%,3.2,-14.21%
Jul-12,"1,225.79",1.83%,714,0.85%,1.85,2.21%,"1,291.24",0.45%,357.19,-1.41%,857.92,-0.57%,84.0,0.00%,3.08,-3.75%
Aug-12,"1,122.96",-8.39%,656,-8.12%,1.86,0.54%,"1,212.89",-6.07%,354.71,-0.69%,856.66,-0.15%,86.0,2.38%,2.79,-9.42%
Sep-12,"1,054.30",-6.11%,645,-1.68%,1.86,0.00%,"1,149.49",-5.23%,353.34,-0.39%,878.2,2.51%,86.0,0.00%,3.04,8.96%
Oct-12,"1,068.37",1.33%,591,-8.37%,1.81,-2.69%,"1,204.76",4.81%,350.23,-0.88%,873.36,-0.55%,86.0,0.00%,3.2,5.26%
Nov-12,"1,104.83",3.41%,577,-2.37%,1.78,-1.66%,"1,259.30",4.53%,353.03,0.80%,870.05,-0.38%,86.0,0.00%,2.97,-7.19%
Dec-12,"1,197.18",8.36%,526,-8.84%,1.84,3.37%,"1,354.80",7.58%,354.8,0.50%,879.94,1.14%,86.0,0.00%,3.11,4.71%
Jan-13,"1,242.76",3.81%,554,5.32%,1.89,2.72%,"1,388.63",2.50%,334.12,-5.83%,870.59,-1.06%,86.0,0.00%,3.3,6.11%
Feb-13,"1,234.89",-0.63%,570,2.89%,1.98,4.76%,"1,374.59",-1.01%,319.69,-4.32%,842.88,-3.18%,86.0,0.00%,3.19,-3.33%
Mar-13,"1,207.47",-2.22%,536,-5.96%,2.08,5.05%,"1,324.09",-3.67%,313.78,-1.85%,822.0,-2.48%,86.0,0.00%,2.98,-6.58%
Apr-13,"1,112.85",-7.84%,523,-2.43%,2.03,-2.40%,"1,208.59",-8.72%,304.53,-2.95%,834.37,1.50%,88.0,2.33%,2.87,-3.69%
May-13,"1,086.81",-2.34%,556,6.31%,2.04,0.49%,"1,158.03",-4.18%,294.78,-3.20%,833.2,-0.14%,92.36,4.95%,3.04,5.92%
Jun-13,"1,088.31",0.14%,601,8.09%,2.05,0.49%,"1,117.67",-3.49%,306.01,3.81%,844.6,1.37%,101.0,9.35%,2.81,-7.57%
Jul-13,"1,042.29",-4.23%,569,-5.32%,2.04,-0.49%,"1,025.28",-8.27%,298.76,-2.37%,827.7,-2.00%,99.4,-1.58%,2.56,-8.90%
Aug-13,"1,009.86",-3.11%,587,3.16%,2.04,0.00%,"1,030.63",0.52%,304.39,1.88%,845.05,2.10%,95.33,-4.09%,2.57,0.39%
Sep-13,"1,068.76",5.83%,654,11.41%,1.99,-2.45%,"1,159.01",12.46%,300.12,-1.40%,865.13,2.38%,93.08,-2.36%,2.64,2.72%
Oct-13,"1,119.15",4.71%,663,1.38%,1.97,-1.01%,"1,198.72",3.43%,304.31,1.40%,876.96,1.37%,98.88,6.23%,2.53,-4.17%
Nov-13,"1,094.20",-2.23%,865,30.47%,1.87,-5.08%,"1,189.59",-0.76%,297.36,-2.28%,878.25,0.15%,105.25,6.44%,2.49,-1.58%
Dec-13,"1,096.79",0.24%,846,-2.20%,1.93,3.21%,"1,198.15",0.72%,287.35,-3.37%,892.83,1.66%,105.25,0.00%,2.56,2.81%
Jan-14,"1,085.87",-1.00%,848,0.24%,2.01,4.15%,"1,147.24",-4.25%,286.6,-0.26%,897.78,0.55%,104.7,-0.52%,2.34,-8.59%
Feb-14,"1,082.29",-0.33%,915,7.90%,2.07,2.99%,"1,117.21",-2.62%,291.84,1.83%,902.19,0.49%,107.0,2.20%,2.17,-7.26%
Mar-14,"1,070.84",-1.06%,926,1.20%,2.14,3.38%,"1,077.57",-3.55%,290.92,-0.32%,905.74,0.39%,111.0,3.74%,2.29,5.53%
Apr-14,"1,098.16",2.55%,905,-2.27%,2.08,-2.80%,"1,088.02",0.97%,290.33,-0.20%,912.49,0.75%,112.25,1.13%,2.15,-6.11%
May-14,"1,057.29",-3.72%,930,2.76%,2.04,-1.92%,"1,096.85",0.81%,292.5,0.75%,918.05,0.61%,109.0,-2.90%,2.02,-6.05%
Jun-14,"1,050.37",-0.65%,934,0.43%,2.0,-1.96%,"1,073.17",-2.16%,291.72,-0.27%,921.32,0.36%,108.13,-0.80%,2.04,0.99%
Jul-14,"1,057.66",0.69%,861,-7.82%,1.85,-7.50%,"1,078.15",0.46%,292.7,0.34%,930.59,1.01%,108.0,-0.12%,2.0,-1.96%
Aug-14,"1,029.25",-2.69%,770,-10.57%,1.63,-11.89%,"1,069.75",-0.78%,289.17,-1.21%,910.31,-2.18%,109.9,1.76%,1.86,-7.00%
Sep-14,996.74,-3.16%,785,1.95%,1.62,-0.61%,"1,056.50",-1.24%,277.55,-4.02%,889.0,-2.34%,114.63,4.30%,1.67,-10.22%
Oct-14,974.34,-2.25%,769,-2.04%,1.55,-4.32%,"1,044.01",-1.18%,275.65,-0.68%,875.76,-1.49%,114.4,-0.20%,1.63,-2.40%
Nov-14,971.71,-0.27%,795,3.38%,1.49,-3.87%,"1,041.97",-0.20%,256.13,-7.08%,859.9,-1.81%,114.5,0.09%,1.64,0.61%
Dec-14,940.88,-3.17%,813,2.26%,1.51,1.34%,"1,002.13",-3.82%,249.39,-2.63%,852.16,-0.90%,109.11,-4.71%,1.61,-1.83%
Jan-15,907.32,-3.57%,764,-6.03%,1.48,-1.99%,967.03,-3.50%,251.48,0.84%,826.71,-2.99%,106.78,-2.14%,1.66,3.11%
Feb-15,891.63,-1.73%,794,3.93%,1.54,4.05%,946.91,-2.08%,250.89,-0.23%,835.21,1.03%,106.06,-0.67%,1.82,9.64%
Mar-15,874.58,-1.91%,721,-9.19%,1.53,-0.65%,929.45,-1.84%,247.32,-1.42%,816.57,-2.23%,104.5,-1.47%,1.74,-4.40%
Apr-15,882.41,0.90%,714,-0.97%,1.58,3.31%,986.76,6.17%,249.06,0.70%,814.23,-0.29%,100.33,-3.99%,1.7,-2.28%
May-15,990.58,12.26%,748,4.76%,1.61,1.85%,"1,114.58",12.95%,246.5,-1.03%,842.46,3.47%,96.0,-4.32%,1.84,8.22%
Jun-15,"1,032.18",4.20%,748,0.00%,1.6,-0.62%,"1,137.80",2.08%,240.59,-2.40%,847.75,0.63%,94.0,-2.08%,1.82,-1.09%
Jul-15,952.43,-7.73%,735,-1.74%,1.6,0.00%,"1,009.65",-11.26%,241.27,0.28%,848.07,0.04%,82.5,-12.23%,1.64,-9.89%
Aug-15,962.41,1.05%,689,-6.26%,1.58,-1.25%,"1,022.68",1.29%,241.7,0.18%,849.98,0.23%,71.0,-13.94%,1.45,-11.59%
Sep-15,901.25,-6.35%,699,1.45%,1.52,-3.80%,966.74,-5.47%,247.78,2.52%,836.74,-1.56%,74.8,5.35%,1.35,-6.90%
Oct-15,882.43,-2.09%,736,5.29%,1.52,0.00%,956.06,-1.10%,248.08,0.12%,835.81,-0.11%,74.75,-0.07%,1.33,-1.48%
Nov-15,916.84,3.90%,716,-2.72%,1.53,0.66%,"1,003.06",4.92%,242.9,-2.09%,828.62,-0.86%,70.08,-6.25%,1.24,-6.77%
Dec-15,939.4,2.46%,759,6.01%,1.55,1.31%,"1,028.32",2.52%,244.62,0.71%,816.85,-1.42%,71.68,2.28%,1.27,2.42%
Jan-16,929.73,-1.03%,763,0.53%,1.52,-1.94%,"1,014.23",-1.37%,251.76,2.92%,785.62,-3.82%,73.0,1.84%,1.23,-3.15%
Feb-16,960.85,3.35%,813,6.55%,1.47,-3.29%,"1,017.06",0.28%,259.34,3.01%,780.11,-0.70%,72.24,-1.04%,1.27,3.25%
Mar-16,986.75,2.70%,990,21.77%,1.44,-2.04%,"1,039.01",2.16%,263.62,1.65%,775.04,-0.65%,73.08,1.16%,1.46,14.96%
Apr-16,"1,023.00",3.67%,"1,045.00",5.56%,1.53,6.25%,"1,087.92",4.71%,271.7,3.07%,780.0,0.64%,73.19,0.15%,1.71,17.12%
May-16,988.79,-3.34%,962.5,-7.89%,1.55,1.31%,"1,096.27",0.77%,273.27,0.58%,792.05,1.54%,72.44,-1.02%,1.63,-4.68%
Jun-16,"1,015.26",2.68%,"1,048.00",8.88%,1.63,5.16%,"1,094.21",-0.19%,282.26,3.29%,774.72,-2.19%,74.8,3.26%,1.49,-8.59%
Jul-16,"1,089.07",7.27%,"1,008.00",-3.82%,1.79,9.82%,"1,132.60",3.51%,285.98,1.32%,717.06,-7.44%,75.6,1.07%,1.59,6.71%
Aug-16,"1,095.75",0.61%,"1,018.00",0.99%,1.77,-1.12%,"1,141.04",0.75%,294.03,2.81%,714.82,-0.31%,73.48,-2.80%,1.55,-2.52%
Sep-16,"1,061.80",-3.10%,"1,025.00",0.69%,1.72,-2.82%,"1,147.40",0.56%,292.15,-0.64%,716.62,0.25%,73.54,0.08%,1.57,1.29%
Oct-16,"1,023.64",-3.59%,963.75,-5.98%,1.73,0.58%,"1,188.10",3.55%,286.86,-1.81%,672.91,-6.10%,74.64,1.50%,1.66,5.73%
Nov-16,"1,019.21",-0.43%,"1,021.00",5.94%,1.74,0.58%,"1,189.28",0.10%,275.14,-4.09%,677.33,0.66%,77.25,3.50%,1.87,12.65%
Dec-16,"1,002.56",-1.63%,"1,127.00",10.38%,1.75,0.57%,"1,196.96",0.65%,256.42,-6.80%,680.27,0.43%,75.69,-2.02%,2.23,19.25%
Jan-17,"1,027.72",2.51%,"1,225.00",8.70%,1.82,4.00%,"1,289.97",7.77%,258.6,0.85%,671.82,-1.24%,75.05,-0.85%,2.56,14.80%
Feb-17,"1,029.58",0.18%,"1,146.25",-6.43%,1.88,3.30%,"1,368.14",6.06%,263.45,1.88%,680.49,1.29%,76.58,2.04%,2.71,5.86%
Mar-17,"1,059.60",2.92%,"1,016.00",-11.36%,1.91,1.60%,"1,454.83",6.34%,263.48,0.01%,672.48,-1.18%,77.93,1.76%,2.35,-13.28%
Apr-17,991.12,-6.46%,"1,044.00",2.76%,1.92,0.52%,"1,404.98",-3.43%,270.34,2.60%,688.44,2.37%,75.43,-3.21%,2.21,-5.96%
May-17,"1,019.95",2.91%,"1,112.50",6.56%,1.95,1.56%,"1,433.47",2.03%,265.28,-1.87%,704.52,2.34%,69.36,-8.05%,2.1,-4.98%
Jun-17,"1,065.81",4.50%,"1,119.00",0.58%,1.87,-4.10%,"1,403.83",-2.07%,268.39,1.17%,697.44,-1.00%,67.59,-2.55%,1.72,-18.10%
Jul-17,,,"1,059.00",-5.36%,1.85,-1.07%,,,264.62,-1.40%,,,,,1.75,1.74%
Aug-17,,,"1,062.00",0.28%,1.75,-5.41%,,,270.96,2.40%,,,,,1.84,5.14%
Sep-17,,,"1,015.00",-4.43%,1.78,1.71%,,,268.93,-0.75%,,,,,1.86,1.09%
Oct-17,,,989,-2.56%,1.73,-2.81%,,,263.62,-1.97%,,,,,1.64,-11.83%
Nov-17,,,"1,038.00",4.95%,1.77,2.31%,,,263.85,0.09%,,,,,1.57,-4.27%
Dec-17,,,958,-7.71%,1.88,6.21%,,,263.62,-0.09%,,,,,1.65,5.10%
Jan-18,,,942.5,-1.62%,2.01,6.91%,,,268.3,1.78%,,,,,1.72,4.24%
Feb-18,,,835,-11.41%,1.95,-2.99%,,,275.8,2.80%,,,,,1.72,0.00%
Mar-18,,,745,-10.78%,2.03,4.10%,,,280.72,1.78%,,,,,1.76,2.33%
Apr-18,,,756,1.48%,2.03,0.00%,,,276.7,-1.43%,,,,,1.73,-1.70%
May-18,,,692,-8.47%,2.08,2.46%,,,271.38,-1.92%,,,,,1.7,-1.73%
Jun-18,,,623,-9.97%,2.15,3.37%,,,270.59,-0.29%,,,,,1.56,-8.24%
Jul-18,,,,,2.12,-1.40%,,,267.02,-1.32%,,,,,1.47,-5.77%
Aug-18,,,,,2.08,-1.89%,,,268.1,0.40%,,,,,1.47,0.00%
Sep-18,,,,,1.99,-4.33%,,,265.85,-0.84%,,,,,1.44,-2.04%
Oct-18,,,,,1.91,-4.02%,,,263.85,-0.75%,,,,,1.43,-0.69%
Nov-18,,,,,1.91,0.00%,,,262.71,-0.43%,,,,,1.35,-5.59%
Dec-18,,,,,1.9,-0.52%,,,265.43,1.04%,,,,,1.44,6.67%
Jan-19,,,,,1.82,-4.21%,,,273.25,2.95%,,,,,1.59,10.42%
Feb-19,,,,,1.79,-1.65%,,,269.71,-1.30%,,,,,1.65,3.77%
Mar-19,,,,,1.85,3.35%,,,267.74,-0.73%,,,,,1.72,4.24%
Apr-19,,,,,1.92,3.78%,,,266.66,-0.40%,,,,,1.72,0.00%
May-19,,,,,1.77,-7.81%,,,270.59,1.47%,,,,,1.77,2.91%
Jun-19,,,,,1.71,-3.39%,,,275.39,1.77%,,,,,1.93,9.04%
Jul-19,,,,,1.67,-2.34%,,,275.11,-0.10%,,,,,1.67,-13.47%
Aug-19,,,,,1.56,-6.59%,,,280.19,1.85%,,,,,1.5,-10.18%
Sep-19,,,,,1.57,0.64%,,,277.06,-1.12%,,,,,1.5,0.00%
Oct-19,,,,,1.63,3.82%,,,275.34,-0.62%,,,,,1.43,-4.67%
Nov-19,,,,,1.65,1.23%,,,273.4,-0.70%,,,,,1.54,7.69%
Dec-19,,,,,1.67,1.21%,,,272.8,-0.22%,,,,,1.66,7.79%
Jan-20,,,,,1.74,4.19%,,,272.4,-0.15%,,,,,1.68,1.20%
Feb-20,,,,,1.69,-2.87%,,,270.56,-0.68%,,,,,1.61,-4.17%
Mar-20,,,,,1.49,-11.83%,,,276.93,2.35%,,,,,1.5,-6.83%
Apr-20,,,,,1.4,-6.04%,,,276.24,-0.25%,,,,,1.33,-11.33%
