Date,Coarse wool Price,Coarse wool price % Change,Copra Price,Copra price % Change,Cotton Price,Cotton price % Change,Fine wool Price,Fine wool price % Change,Hard log Price,Hard log price % Change,Hard sawnwood Price,Hard sawnwood price % Change,Hide Price,Hide price % change,Rubber Price,Rubber price % Change
1990-04-01,482.34,0.0,236.0,0.0,1.83,0.0,1071.63,0.0,161.2,0.0,549.91,0.0,100.0,0.0,0.84,0.0
1990-05-01,447.26,-7.27,234.0,-0.85,1.89,3.28,1057.18,-1.35,172.86,7.23,491.88,-10.55,99.46,-0.54,0.85,1.19
1990-06-01,440.99,-1.4,216.0,-7.69,1.99,5.29,898.24,-15.03,181.67,5.1,495.39,0.71,97.9,-1.57,0.85,0.0
1990-07-01,418.44,-5.11,205.0,-5.09,2.01,1.01,895.83,-0.27,187.96,3.46,485.86,-1.92,96.75,-1.17,0.86,1.18
1990-08-01,418.44,0.0,198.0,-3.41,1.79,-10.95,951.22,6.18,186.13,-0.97,487.52,0.34,91.89,-5.02,0.88,2.33
1990-09-01,412.18,-1.5,196.0,-1.01,1.79,0.0,936.77,-1.52,185.33,-0.43,487.75,0.05,87.66,-4.6,0.9,2.27
1990-10-01,394.64,-4.26,198.0,1.02,1.79,0.0,901.85,-3.73,189.76,2.39,505.24,3.59,84.59,-3.5,0.9,0.0
1990-11-01,334.5,-15.24,236.0,19.19,1.82,1.68,888.61,-1.47,179.02,-5.66,511.33,1.21,82.86,-2.05,0.9,0.0
1990-12-01,328.24,-1.87,237.0,0.42,1.85,1.65,870.55,-2.03,171.13,-4.41,499.2,-2.37,84.85,2.4,0.88,-2.22
1991-01-01,319.47,-2.67,233.0,-1.69,1.85,0.0,887.41,1.94,169.19,-1.13,497.05,-0.43,81.64,-3.78,0.87,-1.14
1991-02-01,323.23,1.18,226.0,-3.0,1.87,1.08,596.02,-32.84,176.93,4.57,492.56,-0.9,75.9,-7.03,0.85,-2.3
1991-03-01,328.24,1.55,236.0,4.42,1.86,-0.53,586.39,-1.62,162.57,-8.12,491.12,-0.29,76.6,0.92,0.83,-2.35
1991-04-01,365.82,11.45,224.0,-5.08,1.83,-1.61,596.02,1.64,175.59,8.01,495.44,0.88,86.45,12.86,0.82,-1.2
1991-05-01,371.88,1.66,226.0,0.89,1.82,-0.55,721.0,20.97,174.04,-0.88,509.75,2.89,88.72,2.63,0.82,0.0
1991-06-01,340.6,-8.41,245.0,8.41,1.78,-2.2,777.51,7.84,200.15,15.0,480.3,-5.78,86.7,-2.28,0.84,2.44
1991-07-01,337.48,-0.92,303.0,23.67,1.7,-4.49,723.48,-6.95,207.82,3.83,480.3,0.0,83.91,-3.22,0.82,-2.38
1991-08-01,337.22,-0.08,299.0,-1.32,1.62,-4.71,680.64,-5.92,210.57,1.32,553.48,15.24,77.52,-7.62,0.82,0.0
1991-09-01,313.96,-6.9,296.0,-1.0,1.55,-4.32,613.45,-9.87,210.68,0.05,582.79,5.3,74.05,-4.48,0.81,-1.22
1991-10-01,308.39,-1.77,353.0,19.26,1.5,-3.23,558.18,-9.01,214.44,1.78,573.05,-1.67,75.36,1.77,0.83,2.47
1991-11-01,307.57,-0.27,385.0,9.07,1.4,-6.67,641.49,14.93,195.5,-8.83,573.89,0.15,75.26,-0.13,0.81,-2.41
1991-12-01,295.4,-3.96,411.0,6.75,1.36,-2.86,652.19,1.67,200.33,2.47,567.39,-1.13,71.29,-5.28,0.79,-2.47
1992-01-01,297.04,0.56,488.0,18.73,1.31,-3.68,619.37,-5.03,202.85,1.26,577.77,1.83,70.7,-0.83,0.8,1.27
1992-02-01,341.89,15.1,471.0,-3.48,1.24,-5.34,655.83,5.89,214.04,5.52,599.19,3.71,67.84,-4.05,0.81,1.25
1992-03-01,341.18,-0.21,429.0,-8.92,1.22,-1.61,667.93,1.84,201.96,-5.64,602.24,0.51,69.77,2.84,0.83,2.47
1992-04-01,352.12,3.21,425.0,-0.93,1.28,4.92,667.7,-0.03,199.67,-1.13,616.38,2.35,75.95,8.86,0.86,3.61
1992-05-01,367.36,4.33,413.0,-2.82,1.34,4.69,663.07,-0.69,200.75,0.54,628.68,2.0,80.0,5.33,0.87,1.16
1992-06-01,364.88,-0.68,390.0,-5.57,1.41,5.22,633.89,-4.4,205.11,2.17,610.79,-2.85,76.77,-4.04,0.88,1.15
1992-07-01,363.09,-0.49,352.0,-9.74,1.44,2.13,595.28,-6.09,201.08,-1.96,609.62,-0.19,76.57,-0.26,0.88,0.0
1992-08-01,351.25,-3.26,320.0,-9.09,1.32,-8.33,568.94,-4.42,197.25,-1.9,607.43,-0.36,72.87,-4.83,0.88,0.0
1992-09-01,349.29,-0.56,328.0,2.5,1.25,-5.3,572.72,0.66,205.53,4.2,606.17,-0.21,77.72,6.66,0.87,-1.14
1992-10-01,335.47,-3.96,320.0,-2.44,1.17,-6.4,535.26,-6.54,220.2,7.14,600.25,-0.98,80.98,4.19,0.89,2.3
1992-11-01,320.1,-4.58,329.0,2.81,1.16,-0.85,508.04,-5.09,220.08,-0.05,623.68,3.9,80.05,-1.15,0.88,-1.12
1992-12-01,310.7,-2.94,300.0,-8.81,1.2,3.45,512.94,0.96,245.58,11.59,604.35,-3.1,81.14,1.36,0.88,0.0
1993-01-01,312.39,0.54,278.0,-7.33,1.26,5.0,495.22,-3.45,249.97,1.79,605.35,0.17,79.87,-1.57,0.91,3.41
1993-02-01,309.68,-0.87,279.0,0.36,1.33,5.56,469.37,-5.22,286.7,14.69,618.11,2.11,81.41,1.93,0.89,-2.2
1993-03-01,309.67,0.0,277.0,-0.72,1.36,2.26,469.37,0.0,345.34,20.45,616.81,-0.21,81.48,0.09,0.85,-4.49
1993-04-01,328.92,6.22,262.0,-5.42,1.35,-0.74,429.69,-8.45,463.41,34.19,645.42,4.64,81.6,0.15,0.82,-3.53
1993-05-01,337.01,2.46,274.0,4.58,1.33,-1.48,468.13,8.95,520.81,12.39,776.63,20.33,80.35,-1.53,0.81,-1.22
1993-06-01,327.79,-2.74,289.0,5.47,1.3,-2.26,470.06,0.41,493.82,-5.18,803.57,3.47,76.95,-4.23,0.81,0.0
1993-07-01,324.38,-1.04,303.0,4.84,1.27,-2.31,464.93,-1.09,467.02,-5.43,829.75,3.26,76.52,-0.56,0.81,0.0
1993-08-01,313.93,-3.22,306.0,0.99,1.22,-3.94,450.74,-3.05,450.47,-3.54,835.6,0.71,79.32,3.66,0.82,1.23
1993-09-01,310.83,-0.99,288.0,-5.88,1.22,0.0,423.51,-6.04,384.0,-14.76,851.1,1.85,80.43,1.4,0.82,0.0
1993-10-01,316.62,1.86,275.0,-4.51,1.21,-0.82,454.84,7.4,378.13,-1.53,851.33,0.03,81.76,1.65,0.8,-2.44
1993-11-01,325.5,2.8,308.0,12.0,1.21,0.0,497.77,9.44,333.36,-11.84,835.17,-1.9,80.82,-1.15,0.81,1.25
1993-12-01,320.03,-1.68,406.0,31.82,1.31,8.26,465.45,-6.49,304.66,-8.61,830.07,-0.61,79.84,-1.21,0.82,1.23
1994-01-01,320.1,0.02,403.0,-0.74,1.53,16.79,542.31,16.51,294.84,-3.22,774.17,-6.73,75.07,-5.97,0.81,-1.22
1994-02-01,338.13,5.63,384.0,-4.71,1.78,16.34,606.03,11.75,303.35,2.89,758.36,-2.04,75.08,0.01,0.85,4.94
1994-03-01,379.25,12.16,365.0,-4.95,1.8,1.12,609.58,0.59,310.48,2.35,770.99,1.67,78.96,5.17,0.91,7.06
1994-04-01,376.82,-0.64,377.0,3.29,1.85,2.78,645.79,5.94,326.24,5.08,819.89,6.34,84.75,7.33,0.95,4.4
1994-05-01,398.37,5.72,408.0,8.22,1.9,2.7,719.63,11.43,343.5,5.29,855.1,4.29,87.33,3.04,0.98,3.16
1994-06-01,394.46,-0.98,430.0,5.39,1.89,-0.53,779.41,8.31,344.6,0.32,876.8,2.54,88.75,1.63,1.05,7.14
1994-07-01,411.95,4.43,430.0,0.0,1.8,-4.76,773.5,-0.76,331.98,-3.66,875.95,-0.1,90.45,1.92,1.25,19.05
1994-08-01,425.91,3.39,443.0,3.02,1.69,-6.11,806.82,4.31,316.74,-4.59,887.33,1.3,89.76,-0.76,1.26,0.8
1994-09-01,444.48,4.36,426.0,-3.84,1.66,-1.78,876.1,8.59,299.92,-5.31,861.73,-2.89,93.77,4.47,1.27,0.79
1994-10-01,433.45,-2.48,409.0,-3.99,1.63,-1.81,824.64,-5.87,291.55,-2.79,806.86,-6.37,93.67,-0.11,1.37,7.87
1994-11-01,446.07,2.91,464.0,13.45,1.71,4.91,881.7,6.92,279.43,-4.16,792.31,-1.8,93.04,-0.67,1.34,-2.19
1994-12-01,426.04,-4.49,469.0,1.08,1.92,12.28,878.41,-0.37,247.96,-11.26,777.81,-1.83,91.14,-2.04,1.47,9.7
1995-01-01,447.06,4.93,414.0,-11.73,2.11,9.9,904.18,2.93,248.42,0.19,793.98,2.08,90.12,-1.12,1.64,11.56
1995-02-01,467.94,4.67,412.0,-0.48,2.23,5.69,892.34,-1.31,251.8,1.36,753.47,-5.1,91.42,1.44,1.77,7.93
1995-03-01,516.73,10.43,412.0,0.0,2.44,9.42,887.13,-0.58,283.1,12.43,714.2,-5.21,97.95,7.14,1.8,1.69
1995-04-01,520.27,0.69,413.0,0.24,2.51,2.87,867.85,-2.17,300.91,6.29,732.6,2.58,102.32,4.46,1.84,2.22
1995-05-01,516.49,-0.73,410.0,-0.73,2.53,0.8,839.28,-3.29,285.43,-5.14,750.78,2.48,99.61,-2.65,1.72,-6.52
1995-06-01,519.41,0.57,425.0,3.66,2.0,-20.95,826.06,-1.58,274.22,-3.93,759.1,1.11,92.43,-7.21,1.54,-10.47
1995-07-01,537.66,3.51,448.0,5.41,1.93,-3.5,751.11,-9.07,259.57,-5.34,752.33,-0.89,85.71,-7.27,1.33,-13.64
1995-08-01,547.44,1.82,458.0,2.23,1.88,-2.59,789.25,5.08,235.66,-9.21,741.7,-1.41,82.46,-3.79,1.3,-2.26
1995-09-01,507.04,-7.38,450.0,-1.75,2.01,6.91,732.98,-7.13,221.73,-5.91,728.71,-1.75,82.43,-0.04,1.35,3.85
1995-10-01,495.99,-2.18,464.0,3.11,2.01,0.0,622.07,-15.13,233.86,5.47,723.5,-0.71,82.2,-0.28,1.41,4.44
1995-11-01,436.58,-11.98,488.0,5.17,1.97,-1.99,600.95,-3.4,230.96,-1.24,716.06,-1.03,77.96,-5.16,1.61,14.18
1995-12-01,453.11,3.79,468.0,-4.1,1.94,-1.52,590.53,-1.73,241.78,4.68,715.85,-0.03,73.05,-6.3,1.64,1.86
1996-01-01,456.77,0.81,456.0,-2.56,1.9,-2.06,584.39,-1.04,234.29,-3.1,719.36,0.49,73.56,0.7,1.55,-5.49
1996-02-01,450.38,-1.4,475.0,4.17,1.87,-1.58,525.31,-10.11,246.43,5.18,713.66,-0.79,75.13,2.13,1.56,0.65
1996-03-01,439.18,-2.49,461.0,-2.95,1.83,-2.14,573.83,9.24,253.01,2.67,728.68,2.1,77.99,3.81,1.48,-5.13
1996-04-01,416.56,-5.15,479.0,3.9,1.83,0.0,597.67,4.15,252.48,-0.21,751.38,3.12,84.66,8.55,1.46,-1.35
1996-05-01,440.06,5.64,503.0,5.01,1.83,0.0,743.54,24.41,261.65,3.63,753.11,0.23,87.56,3.43,1.48,1.37
1996-06-01,447.61,1.72,550.0,9.34,1.83,0.0,701.36,-5.67,255.85,-2.22,747.91,-0.69,82.15,-6.18,1.47,-0.68
1996-07-01,420.32,-6.1,534.0,-2.91,1.76,-3.83,671.43,-4.27,259.69,1.5,743.97,-0.53,89.64,9.12,1.35,-8.16
1996-08-01,417.67,-0.63,495.0,-7.3,1.68,-4.55,751.65,11.95,263.48,1.46,743.43,-0.07,96.09,7.2,1.3,-3.7
1996-09-01,404.38,-3.18,475.0,-4.04,1.66,-1.19,738.33,-1.77,258.69,-1.82,755.31,1.6,98.91,2.93,1.3,0.0
1996-10-01,416.41,2.97,470.0,-1.05,1.66,0.0,681.61,-7.68,252.67,-2.33,753.33,-0.26,101.51,2.63,1.24,-4.62
1996-11-01,419.48,0.74,471.0,0.21,1.68,1.2,616.97,-9.48,253.21,0.21,753.65,0.04,89.97,-11.37,1.27,2.42
1996-12-01,417.72,-0.42,498.0,5.73,1.75,4.17,632.94,2.59,233.76,-7.68,726.84,-3.56,90.69,0.8,1.26,-0.79
1997-01-01,408.62,-2.18,506.0,1.61,1.76,0.57,677.73,7.08,240.56,2.91,740.31,1.85,90.02,-0.74,1.23,-2.38
1997-02-01,442.94,8.4,496.0,-1.98,1.77,0.57,730.96,7.85,235.18,-2.24,753.29,1.75,93.49,3.85,1.22,-0.81
1997-03-01,425.82,-3.87,489.0,-1.41,1.78,0.56,719.66,-1.55,242.04,2.92,756.65,0.45,99.46,6.39,1.23,0.82
1997-04-01,451.19,5.96,466.0,-4.7,1.74,-2.25,764.21,6.19,240.16,-0.78,749.82,-0.9,98.68,-0.78,1.15,-6.5
1997-05-01,467.49,3.61,428.0,-8.15,1.75,0.57,805.0,5.34,252.18,5.0,747.56,-0.3,89.44,-9.36,1.11,-3.48
1997-06-01,478.76,2.41,415.0,-3.04,1.78,1.71,829.35,3.02,264.32,4.81,736.6,-1.47,81.57,-8.8,1.11,0.0
1997-07-01,478.56,-0.04,399.0,-3.86,1.79,0.56,826.26,-0.37,254.34,-3.78,705.7,-4.19,80.11,-1.79,0.94,-15.32
1997-08-01,427.63,-10.64,385.0,-3.51,1.79,0.0,765.93,-7.3,244.23,-3.97,649.0,-8.03,83.9,4.73,0.92,-2.13
1997-09-01,448.81,4.95,403.0,4.68,1.76,-1.68,801.91,4.7,232.74,-4.7,587.03,-9.55,84.54,0.76,0.87,-5.43
1997-10-01,435.41,-2.99,412.0,2.23,1.71,-2.84,769.16,-4.08,227.39,-2.3,534.52,-8.95,86.35,2.14,0.87,0.0
1997-11-01,434.67,-0.17,412.0,0.0,1.7,-0.58,739.89,-3.81,214.79,-5.54,516.44,-3.38,89.18,3.28,0.84,-3.45
1997-12-01,413.62,-4.84,394.0,-4.37,1.64,-3.53,688.07,-7.0,211.1,-1.72,471.02,-8.79,82.29,-7.73,0.73,-13.1
1998-01-01,399.02,-3.53,378.0,-4.06,1.59,-3.05,636.11,-7.55,197.1,-6.63,413.37,-12.24,66.79,-18.84,0.68,-6.85
1998-02-01,406.64,1.91,371.0,-1.85,1.52,-4.4,631.72,-0.69,202.54,2.76,504.15,21.96,77.62,16.22,0.82,20.59
1998-03-01,384.83,-5.36,378.0,1.89,1.51,-0.66,625.92,-0.92,190.94,-5.73,506.13,0.39,82.61,6.43,0.74,-9.76
1998-04-01,379.81,-1.3,380.0,0.53,1.45,-3.97,627.82,0.3,166.49,-12.81,505.98,-0.03,83.77,1.4,0.77,4.05
1998-05-01,355.7,-6.35,420.0,10.53,1.42,-2.07,606.13,-3.45,146.68,-11.9,472.69,-6.58,85.03,1.5,0.78,1.3
1998-06-01,348.24,-2.1,414.0,-1.43,1.52,7.04,595.3,-1.79,137.41,-6.32,451.42,-4.5,83.2,-2.15,0.7,-10.26
1998-07-01,308.83,-11.32,402.0,-2.9,1.54,1.32,583.14,-2.04,134.96,-1.78,437.6,-3.06,81.09,-2.54,0.7,0.0
1998-08-01,296.93,-3.85,403.0,0.25,1.5,-2.6,500.19,-14.22,136.94,1.47,455.58,4.11,81.11,0.02,0.65,-7.14
1998-09-01,280.11,-5.66,409.0,1.49,1.46,-2.67,462.89,-7.46,150.19,9.68,503.5,10.52,75.39,-7.05,0.68,4.62
1998-10-01,286.85,2.41,439.0,7.33,1.36,-6.85,417.47,-9.81,162.95,8.5,510.49,1.39,68.27,-9.44,0.73,7.35
1998-11-01,294.93,2.82,465.0,5.92,1.24,-8.82,472.27,13.13,159.45,-2.15,513.99,0.69,67.41,-1.26,0.72,-1.37
1998-12-01,294.77,-0.05,474.0,1.94,1.23,-0.81,474.81,0.54,163.46,2.51,534.97,4.08,68.03,0.92,0.67,-6.94
1999-01-01,299.37,1.56,471.0,-0.63,1.23,0.0,489.07,3.0,176.22,7.81,538.46,0.65,69.15,1.65,0.71,5.97
1999-02-01,287.1,-4.1,451.0,-4.25,1.24,0.81,493.14,0.83,177.12,0.51,538.46,0.0,69.84,1.0,0.69,-2.82
1999-03-01,297.46,3.61,451.0,0.0,1.25,0.81,626.64,27.07,172.52,-2.6,555.94,3.25,70.76,1.32,0.64,-7.25
1999-04-01,298.88,0.48,504.0,11.75,1.27,1.6,680.43,8.58,175.18,1.54,566.43,1.89,67.17,-5.07,0.59,-7.81
1999-05-01,288.74,-3.39,530.0,5.16,1.32,3.94,620.3,-8.84,176.52,0.76,580.42,2.47,65.98,-1.77,0.6,1.69
1999-06-01,288.32,-0.15,530.0,0.0,1.29,-2.27,676.74,9.1,183.55,3.98,608.39,4.82,66.76,1.18,0.6,0.0
1999-07-01,286.32,-0.69,449.0,-15.28,1.2,-6.98,690.03,1.96,186.53,1.62,622.38,2.3,68.08,1.98,0.57,-5.0
1999-08-01,254.34,-11.17,431.0,-4.01,1.12,-6.67,631.04,-8.55,198.44,6.39,629.37,1.12,72.36,6.29,0.56,-1.75
1999-09-01,247.09,-2.85,421.0,-2.32,1.09,-2.68,623.26,-1.23,202.78,2.19,643.36,2.22,77.76,7.46,0.54,-3.57
1999-10-01,247.29,0.08,430.0,2.14,1.05,-3.67,619.83,-0.55,198.38,-2.17,643.36,0.0,80.45,3.46,0.65,20.37
1999-11-01,255.49,3.32,436.0,1.4,1.02,-2.86,631.74,1.92,198.59,0.11,643.36,0.0,79.64,-1.01,0.74,13.85
1999-12-01,267.26,4.61,434.0,-0.46,0.97,-4.9,648.77,2.7,199.49,0.45,643.36,0.0,77.86,-2.24,0.65,-12.16
2000-01-01,276.44,3.43,420.0,-3.23,1.05,8.25,724.21,11.63,193.08,-3.21,643.36,0.0,76.28,-2.03,0.64,-1.54
2000-02-01,260.07,-5.92,411.0,-2.14,1.18,12.38,727.09,0.4,184.11,-4.65,643.36,0.0,75.88,-0.52,0.74,15.63
2000-03-01,267.1,2.7,399.0,-2.92,1.26,6.78,767.31,5.53,190.87,3.67,636.36,-1.09,77.9,2.66,0.68,-8.11
2000-04-01,273.81,2.51,353.0,-11.53,1.29,2.38,801.42,4.45,194.19,1.74,636.36,0.0,78.67,0.99,0.7,2.94
2000-05-01,290.37,6.05,324.0,-8.22,1.33,3.1,817.72,2.03,189.5,-2.42,633.93,-0.38,79.24,0.72,0.69,-1.43
2000-06-01,293.98,1.24,295.0,-8.95,1.31,-1.5,764.33,-6.53,194.18,2.47,629.37,-0.72,75.06,-5.28,0.67,-2.9
2000-07-01,302.36,2.85,284.0,-3.73,1.29,-1.53,746.93,-2.28,191.07,-1.6,628.21,-0.18,77.52,3.28,0.65,-2.99
2000-08-01,289.92,-4.11,274.0,-3.52,1.34,3.88,717.29,-3.97,191.08,0.01,604.9,-3.71,81.61,5.28,0.66,1.54
2000-09-01,283.27,-2.29,222.0,-18.98,1.36,1.49,695.9,-2.98,193.57,1.3,544.96,-9.91,85.44,4.69,0.66,0.0
2000-10-01,279.87,-1.2,210.0,-5.41,1.34,-1.47,688.38,-1.08,189.44,-2.13,538.46,-1.19,85.41,-0.04,0.66,0.0
2000-11-01,267.66,-4.36,237.0,12.86,1.41,5.22,663.53,-3.61,188.11,-0.7,526.38,-2.24,84.43,-1.15,0.63,-4.55
2000-12-01,286.88,7.18,228.0,-3.8,1.45,2.84,688.39,3.75,180.16,-4.23,524.48,-0.36,85.25,0.97,0.62,-1.59
2001-01-01,309.69,7.95,205.0,-10.09,1.41,-2.76,716.14,4.03,171.87,-4.6,517.48,-1.33,85.32,0.08,0.61,-1.61
2001-02-01,323.95,4.6,193.0,-5.85,1.33,-5.67,733.28,2.39,173.43,0.91,501.75,-3.04,84.49,-0.97,0.6,-1.64
2001-03-01,315.36,-2.65,182.0,-5.7,1.2,-9.77,688.23,-6.14,166.15,-4.2,500.0,-0.35,93.27,10.39,0.57,-5.0
2001-04-01,327.52,3.86,183.0,0.55,1.13,-5.83,760.63,10.52,162.52,-2.18,500.0,0.0,101.32,8.63,0.58,1.75
2001-05-01,325.69,-0.56,189.0,3.28,1.1,-2.65,716.77,-5.77,165.05,1.56,500.0,0.0,102.29,0.96,0.61,5.17
2001-06-01,326.92,0.38,196.0,3.7,1.05,-4.55,683.81,-4.6,164.75,-0.18,476.69,-4.66,97.53,-4.65,0.62,1.64
2001-07-01,328.26,0.41,223.0,13.78,1.0,-4.76,630.79,-7.75,159.29,-3.31,481.09,0.92,87.89,-9.88,0.6,-3.23
2001-08-01,348.94,6.3,235.0,5.38,0.96,-4.0,617.91,-2.04,158.99,-0.19,475.52,-1.16,76.94,-12.46,0.59,-1.67
2001-09-01,340.53,-2.41,210.0,-10.64,0.91,-5.21,524.19,-15.17,156.31,-1.69,489.51,2.94,73.06,-5.04,0.58,-1.69
2001-10-01,330.29,-3.01,195.0,-7.14,0.82,-9.89,441.98,-15.68,149.64,-4.27,484.65,-0.99,70.88,-2.98,0.54,-6.9
2001-11-01,335.91,1.7,202.0,3.59,0.84,2.44,466.09,5.45,142.5,-4.77,465.99,-3.85,72.88,2.82,0.51,-5.56
2001-12-01,376.13,11.97,212.0,4.95,0.95,13.1,501.44,7.58,138.13,-3.07,468.86,0.62,69.34,-4.86,0.49,-3.92
2002-01-01,444.11,18.07,221.0,4.25,0.96,1.05,599.55,19.57,133.28,-3.51,470.96,0.45,68.35,-1.43,0.57,16.33
2002-02-01,516.35,16.27,232.0,4.98,0.94,-2.08,621.99,3.74,134.58,0.98,482.52,2.45,72.24,5.69,0.62,8.77
2002-03-01,529.16,2.48,232.0,0.0,0.93,-1.06,607.57,-2.32,143.81,6.86,482.18,-0.07,80.3,11.16,0.67,8.06
2002-04-01,525.07,-0.77,244.0,5.17,0.91,-2.15,614.56,1.15,143.94,0.09,485.06,0.6,83.69,4.22,0.67,0.0
2002-05-01,519.78,-1.01,263.0,7.79,0.88,-3.3,619.09,0.74,153.43,6.59,484.65,-0.08,84.14,0.54,0.7,4.48
2002-06-01,548.84,5.59,289.0,9.89,0.96,9.09,603.14,-2.58,163.55,6.6,500.0,3.17,86.98,3.38,0.84,20.0
2002-07-01,539.68,-1.67,289.0,0.0,1.03,7.29,569.12,-5.64,178.82,9.34,507.45,1.49,84.39,-2.98,0.83,-1.19
2002-08-01,534.99,-0.87,290.0,0.35,1.09,5.83,575.72,1.16,181.94,1.74,532.74,4.98,85.63,1.47,0.86,3.61
2002-09-01,584.34,9.22,270.0,-6.9,1.08,-0.92,642.41,11.58,181.95,0.01,564.77,6.01,85.74,0.13,0.89,3.49
2002-10-01,664.34,13.69,274.0,1.48,1.09,0.93,748.18,16.46,179.88,-1.14,565.22,0.08,85.7,-0.05,0.83,-6.74
2002-11-01,691.81,4.13,290.0,5.84,1.15,5.5,768.39,2.7,183.47,2.0,564.44,-0.14,81.21,-5.24,0.84,1.2
2002-12-01,689.34,-0.36,301.0,3.79,1.22,6.09,763.16,-0.68,182.22,-0.68,565.16,0.13,70.62,-13.04,0.85,1.19
2003-01-01,725.81,5.29,311.0,3.32,1.25,2.46,800.63,4.91,187.78,3.05,552.45,-2.25,69.8,-1.16,0.91,7.06
2003-02-01,734.89,1.25,309.0,-0.64,1.29,3.2,778.49,-2.77,186.81,-0.52,549.83,-0.47,70.93,1.62,0.99,8.79
2003-03-01,681.58,-7.25,291.0,-5.83,1.35,4.65,733.7,-5.75,184.18,-1.41,549.12,-0.13,70.11,-1.16,1.06,7.07
2003-04-01,685.72,0.61,273.0,-6.19,1.34,-0.74,740.17,0.88,180.0,-2.27,550.06,0.17,67.97,-3.05,1.0,-5.66
2003-05-01,633.01,-7.69,276.0,1.1,1.28,-4.48,678.33,-8.35,183.88,2.16,554.83,0.87,63.55,-6.5,1.0,0.0
2003-06-01,680.28,7.47,279.0,1.09,1.29,0.78,697.09,2.77,182.34,-0.84,552.45,-0.43,61.28,-3.57,1.03,3.0
2003-07-01,684.95,0.69,279.0,0.0,1.33,3.1,678.54,-2.66,181.67,-0.37,552.45,0.0,63.84,4.18,1.0,-2.91
2003-08-01,653.47,-4.6,275.0,-1.43,1.33,0.0,670.87,-1.13,181.46,-0.12,559.44,1.27,68.52,7.33,1.05,5.0
2003-09-01,647.28,-0.95,274.25,-0.27,1.41,6.02,674.52,0.54,187.19,3.16,545.45,-2.5,71.15,3.84,1.11,5.71
2003-10-01,602.73,-6.88,297.0,8.3,1.6,13.48,664.39,-1.5,196.77,5.12,545.45,0.0,70.5,-0.91,1.3,17.12
2003-11-01,589.76,-2.15,335.0,12.79,1.7,6.25,646.52,-2.69,197.46,0.35,545.45,0.0,70.75,0.35,1.28,-1.54
2003-12-01,588.41,-0.23,400.0,19.4,1.62,-4.71,661.25,2.28,196.44,-0.52,538.46,-1.28,71.23,0.68,1.26,-1.56
2004-01-01,613.51,4.27,388.0,-3.0,1.67,3.09,729.36,10.3,199.06,1.33,538.46,0.0,72.44,1.7,1.24,-1.59
2004-02-01,611.93,-0.26,415.0,6.96,1.63,-2.4,721.52,-1.07,199.0,-0.03,552.45,2.6,69.54,-4.0,1.28,3.23
2004-03-01,587.69,-3.96,450.0,8.43,1.59,-2.45,708.75,-1.77,195.2,-1.91,552.45,0.0,67.28,-3.25,1.33,3.91
2004-04-01,554.63,-5.63,500.0,11.11,1.53,-3.77,706.12,-0.37,197.96,1.41,552.45,0.0,63.66,-5.38,1.37,3.01
2004-05-01,533.09,-3.88,498.0,-0.4,1.54,0.65,676.93,-4.13,188.43,-4.81,587.41,6.33,62.94,-1.13,1.35,-1.46
2004-06-01,560.59,5.16,471.0,-5.42,1.42,-7.79,708.15,4.61,198.62,5.41,590.91,0.6,65.1,3.43,1.37,1.48
2004-07-01,553.05,-1.35,445.0,-5.52,1.26,-11.27,717.64,1.34,200.45,0.92,594.41,0.59,67.66,3.93,1.28,-6.57
2004-08-01,528.97,-4.35,440.0,-1.12,1.19,-5.56,714.35,-0.46,198.65,-0.9,594.41,0.0,68.87,1.79,1.23,-3.91
2004-09-01,500.93,-5.3,448.0,1.82,1.24,4.2,703.6,-1.5,199.27,0.31,594.41,0.0,68.2,-0.97,1.24,0.81
2004-10-01,508.86,1.58,447.0,-0.22,1.16,-6.45,718.96,2.18,197.96,-0.66,601.4,1.18,67.22,-1.44,1.27,2.42
2004-11-01,537.86,5.7,449.0,0.45,1.08,-6.9,736.03,2.37,202.13,2.11,608.39,1.16,66.5,-1.07,1.23,-3.15
2004-12-01,547.3,1.76,449.0,0.0,1.07,-0.93,717.96,-2.46,190.35,-5.83,608.39,0.0,66.09,-0.62,1.18,-4.07
2005-01-01,556.94,1.76,429.5,-4.34,1.13,5.61,730.77,1.78,191.43,0.57,636.36,4.6,65.84,-0.38,1.18,0.0
2005-02-01,549.33,-1.37,440.0,2.44,1.16,2.65,734.66,0.53,191.02,-0.21,636.36,0.0,66.01,0.26,1.26,6.78
2005-03-01,545.18,-0.76,474.0,7.73,1.24,6.9,728.58,-0.83,193.65,1.38,646.85,1.65,65.83,-0.27,1.32,4.76
2005-04-01,543.69,-0.27,460.0,-2.95,1.26,1.61,729.18,0.08,194.15,0.26,643.36,-0.54,64.6,-1.87,1.31,-0.76
2005-05-01,543.49,-0.04,446.25,-2.99,1.23,-2.38,717.13,-1.65,202.52,4.31,657.34,2.17,64.5,-0.15,1.36,3.82
2005-06-01,553.32,1.81,433.0,-2.97,1.19,-3.25,684.6,-4.54,203.12,0.3,657.34,0.0,65.6,1.71,1.46,7.35
2005-07-01,563.57,1.85,425.0,-1.85,1.21,1.68,692.06,1.09,205.53,1.19,657.34,0.0,66.26,1.01,1.69,15.75
2005-08-01,531.87,-5.62,371.0,-12.71,1.19,-1.65,668.84,-3.36,211.94,3.12,664.34,1.06,66.22,-0.06,1.6,-5.33
2005-09-01,517.85,-2.64,346.0,-6.74,1.21,1.68,647.4,-3.21,216.8,2.29,671.33,1.05,65.68,-0.82,1.7,6.25
2005-10-01,500.83,-3.29,384.0,10.98,1.28,5.79,622.57,-3.84,211.27,-2.55,671.33,0.0,65.33,-0.53,1.7,0.0
2005-11-01,481.51,-3.86,383.75,-0.07,1.25,-2.34,593.69,-4.64,205.47,-2.75,685.31,2.08,65.9,0.87,1.6,-5.88
2005-12-01,479.73,-0.37,372.0,-3.06,1.25,0.0,583.24,-1.76,210.52,2.46,685.31,0.0,65.91,0.02,1.68,5.0
2006-01-01,496.6,3.52,372.5,0.13,1.29,3.2,639.17,9.59,221.0,4.98,713.29,4.08,65.6,-0.47,1.88,11.9
2006-02-01,520.76,4.87,392.5,5.37,1.32,2.33,709.73,11.04,222.54,0.7,713.29,0.0,66.1,0.76,2.06,9.57
2006-03-01,528.71,1.53,385.0,-1.91,1.27,-3.79,698.75,-1.55,225.16,1.18,713.29,0.0,66.86,1.15,2.07,0.49
2006-04-01,515.46,-2.51,372.0,-3.38,1.24,-2.36,697.7,-0.15,229.39,1.88,720.28,0.98,67.59,1.09,2.14,3.38
2006-05-01,522.0,1.27,390.0,4.84,1.2,-3.23,732.25,4.95,244.17,6.44,759.9,5.5,69.04,2.15,2.45,14.49
2006-06-01,515.63,-1.22,387.0,-0.77,1.22,1.67,714.49,-2.43,238.46,-2.34,749.27,-1.4,69.45,0.59,2.7,10.2
2006-07-01,522.87,1.4,383.75,-0.84,1.22,0.0,704.85,-1.35,236.12,-0.98,749.62,0.05,68.79,-0.95,2.48,-8.15
2006-08-01,534.29,2.18,404.0,5.28,1.32,8.2,717.56,1.8,240.03,1.66,769.3,2.63,68.96,0.25,2.18,-12.1
2006-09-01,521.83,-2.33,413.0,2.23,1.3,-1.52,704.91,-1.76,246.47,2.68,766.66,-0.34,69.81,1.23,1.81,-16.97
2006-10-01,524.66,0.54,410.5,-0.61,1.26,-3.08,690.74,-2.01,245.32,-0.47,762.07,-0.6,69.68,-0.19,1.82,0.55
2006-11-01,640.02,21.99,434.0,5.72,1.27,0.79,790.34,14.42,256.02,4.36,776.99,1.96,71.58,2.73,1.62,-10.99
2006-12-01,644.21,0.65,486.0,11.98,1.31,3.15,790.69,0.04,268.46,4.86,798.18,2.73,73.71,2.98,1.73,6.79
2007-01-01,715.51,11.07,483.75,-0.46,1.3,-0.76,893.66,13.02,262.27,-2.31,796.35,-0.23,75.88,2.94,2.08,20.23
2007-02-01,706.96,-1.19,503.0,3.98,1.28,-1.54,875.62,-2.02,262.56,0.11,795.36,-0.12,77.7,2.4,2.28,9.62
2007-03-01,724.75,2.52,509.0,1.19,1.29,0.78,914.02,4.39,269.66,2.7,791.45,-0.49,77.65,-0.06,2.23,-2.19
2007-04-01,742.55,2.46,552.5,8.55,1.26,-2.33,940.37,2.88,266.04,-1.34,808.81,2.19,77.87,0.28,2.32,4.04
2007-05-01,788.25,6.15,592.0,7.15,1.22,-3.17,989.08,5.18,261.95,-1.54,806.21,-0.32,76.81,-1.36,2.37,2.16
2007-06-01,787.58,-0.08,653.0,10.3,1.34,9.84,987.73,-0.14,257.91,-1.54,807.06,0.11,73.26,-4.62,2.23,-5.91
2007-07-01,761.64,-3.29,612.75,-6.16,1.5,11.94,936.34,-5.2,263.05,1.99,826.41,2.4,67.67,-7.63,2.08,-6.73
2007-08-01,732.83,-3.78,595.0,-2.9,1.47,-2.0,914.11,-2.37,270.93,3.0,816.74,-1.17,67.09,-0.86,2.11,1.44
2007-09-01,765.24,4.42,613.75,3.15,1.5,2.04,943.08,3.17,274.96,1.49,819.62,0.35,68.27,1.76,2.16,2.37
2007-10-01,807.45,5.52,657.5,7.13,1.52,1.33,1080.64,14.59,271.68,-1.19,812.95,-0.81,66.76,-2.21,2.33,7.87
2007-11-01,828.19,2.57,748.0,13.76,1.54,1.32,1102.71,2.04,279.41,2.85,806.27,-0.82,68.3,2.31,2.48,6.44
2007-12-01,817.45,-1.3,765.0,2.27,1.53,-0.65,1097.26,-0.49,275.34,-1.46,788.33,-2.23,68.4,0.15,2.48,0.0
2008-01-01,840.86,2.86,848.0,10.85,1.61,5.23,1157.37,5.48,287.08,4.26,812.62,3.08,65.47,-4.28,2.62,5.65
2008-02-01,843.77,0.35,921.0,8.61,1.65,2.48,1154.25,-0.27,288.4,0.46,855.84,5.32,65.35,-0.18,2.79,6.49
2008-03-01,835.3,-1.0,971.67,5.5,1.77,7.27,1136.0,-1.58,304.85,5.7,912.45,6.61,65.83,0.73,2.79,0.0
2008-04-01,823.97,-1.36,962.5,-0.94,1.66,-6.21,1133.42,-0.23,291.76,-4.29,940.97,3.13,67.36,2.32,2.84,1.79
2008-05-01,781.49,-5.16,1013.75,5.32,1.63,-1.81,1062.44,-6.26,282.97,-3.01,933.58,-0.79,67.26,-0.15,3.05,7.39
2008-06-01,778.46,-0.39,1062.5,4.81,1.7,4.29,1041.1,-2.01,272.29,-3.77,932.89,-0.07,67.43,0.25,3.22,5.57
2008-07-01,793.63,1.95,946.0,-10.96,1.7,0.0,1047.97,0.66,275.76,1.27,932.77,-0.01,68.15,1.07,3.2,-0.62
2008-08-01,717.57,-9.58,780.0,-17.55,1.72,1.18,941.71,-10.14,272.95,-1.02,879.39,-5.72,68.95,1.17,2.93,-8.44
2008-09-01,656.35,-8.53,723.75,-7.21,1.62,-5.81,896.79,-4.77,284.47,4.22,888.76,1.07,68.22,-1.06,2.83,-3.41
2008-10-01,510.28,-22.25,585.0,-19.17,1.37,-15.43,734.91,-18.05,304.45,7.02,861.7,-3.04,68.15,-0.1,1.92,-32.16
2008-11-01,450.98,-11.62,479.0,-18.12,1.21,-11.68,646.17,-12.07,315.97,3.78,872.33,1.23,61.53,-9.71,1.65,-14.06
2008-12-01,477.83,5.95,495.0,3.34,1.22,0.83,666.39,3.13,326.62,3.37,845.8,-3.04,35.6,-42.14,1.2,-27.27
2009-01-01,464.59,-2.77,478.75,-3.28,1.27,4.1,625.45,-6.14,329.65,0.93,818.45,-3.23,38.06,6.91,1.49,24.17
2009-02-01,449.72,-3.2,446.0,-6.84,1.22,-3.94,586.26,-6.27,322.45,-2.18,806.65,-1.44,34.79,-8.59,1.46,-2.01
2009-03-01,460.47,2.39,416.0,-6.73,1.14,-6.56,617.15,5.27,288.57,-10.51,815.86,1.14,28.59,-17.82,1.43,-2.05
2009-04-01,516.6,12.19,499.0,19.95,1.25,9.65,686.86,11.3,283.13,-1.89,815.68,-0.02,28.99,1.4,1.62,13.29
2009-05-01,599.31,16.01,558.75,11.97,1.37,9.6,761.34,10.84,291.06,2.8,855.42,4.87,30.47,5.11,1.69,4.32
2009-06-01,609.15,1.64,480.0,-14.09,1.35,-1.46,741.73,-2.58,279.25,-4.06,817.9,-4.39,37.38,22.68,1.67,-1.18
2009-07-01,609.3,0.02,448.0,-6.67,1.43,5.93,763.62,2.95,281.42,0.78,760.28,-7.04,48.31,29.24,1.75,4.79
2009-08-01,655.49,7.58,492.25,9.88,1.42,-0.7,822.57,7.72,276.62,-1.71,769.67,1.24,57.85,19.75,2.06,17.71
2009-09-01,690.91,5.4,466.0,-5.33,1.41,-0.7,867.58,5.47,280.84,1.53,784.27,1.9,55.33,-4.36,2.17,5.34
2009-10-01,743.59,7.62,470.0,0.86,1.47,4.26,944.85,8.91,276.62,-1.5,805.1,2.66,53.59,-3.14,2.35,8.29
2009-11-01,756.8,1.78,492.5,4.79,1.58,7.48,953.95,0.96,271.97,-1.68,821.06,1.98,61.63,15.0,2.54,8.09
2009-12-01,780.4,3.12,509.0,3.35,1.68,6.33,970.08,1.69,264.83,-2.63,795.96,-3.06,63.47,2.99,2.8,10.24
2010-01-01,842.89,8.01,524.0,2.95,1.71,1.79,1001.54,3.24,258.22,-2.5,792.44,-0.44,65.36,2.98,3.09,10.36
2010-02-01,818.02,-2.95,538.0,2.67,1.76,2.92,972.9,-2.86,252.76,-2.11,781.0,-1.44,67.63,3.47,3.13,1.29
2010-03-01,850.47,3.97,608.0,13.01,1.89,7.39,1004.69,3.27,249.84,-1.16,790.1,1.17,69.26,2.41,3.34,6.71
2010-04-01,817.36,-3.89,628.0,3.29,1.94,2.65,992.28,-1.24,246.04,-1.52,820.21,3.81,72.12,4.13,3.95,18.26
2010-05-01,764.57,-6.46,623.8,-0.67,1.99,2.58,919.88,-7.3,253.66,3.1,836.47,1.98,72.2,0.11,3.67,-7.09
2010-06-01,762.81,-0.23,651.0,4.36,2.05,3.02,919.52,-0.04,260.84,2.83,841.09,0.55,73.67,2.04,3.57,-2.72
2010-07-01,779.24,2.15,689.0,5.84,1.86,-9.27,918.35,-0.13,274.91,5.39,871.18,3.58,73.74,0.1,3.27,-8.4
2010-08-01,788.43,1.18,772.0,12.05,1.99,6.99,935.59,1.88,294.67,7.19,892.18,2.41,72.14,-2.17,3.32,1.53
2010-09-01,790.39,0.25,847.0,9.72,2.31,16.08,988.23,5.63,310.91,5.51,875.96,-1.82,71.86,-0.39,3.53,6.33
2010-10-01,853.99,8.05,947.0,11.81,2.79,20.78,1084.72,9.76,316.36,1.75,880.17,0.48,73.68,2.53,3.92,11.05
2010-11-01,889.49,4.16,1013.3,7.0,3.41,22.22,1274.93,17.54,313.32,-0.96,901.45,2.42,75.24,2.12,4.31,9.95
2010-12-01,883.84,-0.64,1154.0,13.89,3.7,8.5,1266.17,-0.69,306.54,-2.16,896.99,-0.49,76.57,1.77,4.75,10.21
2011-01-01,1011.45,14.44,1354.0,17.33,3.94,6.49,1549.4,22.37,315.32,2.86,907.78,1.2,78.45,2.46,5.52,16.21
2011-02-01,1060.91,4.89,1503.0,11.0,4.7,19.29,1633.11,5.4,328.63,4.22,927.81,2.21,69.83,-10.99,6.26,13.41
2011-03-01,1209.44,14.0,1280.0,-14.84,5.06,7.66,1702.98,4.28,334.76,1.87,929.22,0.15,88.0,26.02,5.42,-13.42
2011-04-01,1309.26,8.25,1421.0,11.02,4.78,-5.53,1743.67,2.39,343.5,2.61,946.21,1.83,88.0,0.0,5.85,7.93
2011-05-01,1302.51,-0.52,1419.0,-0.14,3.65,-23.64,1792.97,2.83,385.25,12.15,958.13,1.26,88.0,0.0,5.12,-12.48
2011-06-01,1385.67,6.38,1186.0,-16.42,3.18,-12.88,1865.44,4.04,417.56,8.39,973.16,1.57,88.0,0.0,4.93,-3.71
2011-07-01,1362.27,-1.69,1121.0,-5.48,2.69,-15.41,1786.85,-4.21,430.49,3.1,969.42,-0.38,87.5,-0.57,4.73,-4.06
2011-08-01,1248.45,-8.36,985.0,-12.13,2.52,-6.32,1655.59,-7.35,450.03,4.54,973.6,0.43,85.11,-2.73,4.68,-1.06
2011-09-01,1170.5,-6.24,867.0,-11.98,2.58,2.38,1593.2,-3.77,453.63,0.8,952.68,-2.15,85.0,-0.13,4.55,-2.78
2011-10-01,1053.65,-9.98,803.8,-7.29,2.44,-5.43,1431.33,-10.16,435.86,-3.92,954.18,0.16,78.13,-8.08,4.06,-10.77
2011-11-01,1133.17,7.55,980.0,21.92,2.31,-5.33,1469.25,2.65,403.26,-7.48,892.75,-6.44,76.5,-2.09,3.37,-17.0
2011-12-01,1165.66,2.87,968.0,-1.22,2.1,-9.09,1434.37,-2.37,387.86,-3.82,888.44,-0.48,72.0,-5.88,3.38,0.3
2012-01-01,1279.54,9.77,965.0,-0.31,2.23,6.19,1503.94,4.85,387.75,-0.03,877.0,-1.29,73.0,1.39,3.63,7.4
2012-02-01,1391.47,8.75,945.0,-2.07,2.22,-0.45,1560.82,3.78,374.98,-3.29,885.07,0.92,76.71,5.08,4.0,10.19
2012-03-01,1340.63,-3.65,888.0,-6.03,2.19,-1.35,1539.52,-1.36,357.05,-4.78,886.54,0.17,82.25,7.22,3.93,-1.75
2012-04-01,1286.37,-4.05,903.0,1.69,2.2,0.46,1441.5,-6.37,353.7,-0.94,896.38,1.11,84.0,2.13,3.84,-2.29
2012-05-01,1231.12,-4.3,769.0,-14.84,1.95,-11.36,1340.3,-7.02,367.03,3.77,892.16,-0.47,84.0,0.0,3.73,-2.86
2012-06-01,1203.8,-2.22,708.0,-7.93,1.81,-7.18,1285.42,-4.09,362.31,-1.29,862.84,-3.29,84.0,0.0,3.2,-14.21
2012-07-01,1225.79,1.83,714.0,0.85,1.85,2.21,1291.24,0.45,357.19,-1.41,857.92,-0.57,84.0,0.0,3.08,-3.75
2012-08-01,1122.96,-8.39,656.0,-8.12,1.86,0.54,1212.89,-6.07,354.71,-0.69,856.66,-0.15,86.0,2.38,2.79,-9.42
2012-09-01,1054.3,-6.11,645.0,-1.68,1.86,0.0,1149.49,-5.23,353.34,-0.39,878.2,2.51,86.0,0.0,3.04,8.96
2012-10-01,1068.37,1.33,591.0,-8.37,1.81,-2.69,1204.76,4.81,350.23,-0.88,873.36,-0.55,86.0,0.0,3.2,5.26
2012-11-01,1104.83,3.41,577.0,-2.37,1.78,-1.66,1259.3,4.53,353.03,0.8,870.05,-0.38,86.0,0.0,2.97,-7.19
2012-12-01,1197.18,8.36,526.0,-8.84,1.84,3.37,1354.8,7.58,354.8,0.5,879.94,1.14,86.0,0.0,3.11,4.71
2013-01-01,1242.76,3.81,554.0,5.32,1.89,2.72,1388.63,2.5,334.12,-5.83,870.59,-1.06,86.0,0.0,3.3,6.11
2013-02-01,1234.89,-0.63,570.0,2.89,1.98,4.76,1374.59,-1.01,319.69,-4.32,842.88,-3.18,86.0,0.0,3.19,-3.33
2013-03-01,1207.47,-2.22,536.0,-5.96,2.08,5.05,1324.09,-3.67,313.78,-1.85,822.0,-2.48,86.0,0.0,2.98,-6.58
2013-04-01,1112.85,-7.84,523.0,-2.43,2.03,-2.4,1208.59,-8.72,304.53,-2.95,834.37,1.5,88.0,2.33,2.87,-3.69
2013-05-01,1086.81,-2.34,556.0,6.31,2.04,0.49,1158.03,-4.18,294.78,-3.2,833.2,-0.14,92.36,4.95,3.04,5.92
2013-06-01,1088.31,0.14,601.0,8.09,2.05,0.49,1117.67,-3.49,306.01,3.81,844.6,1.37,101.0,9.35,2.81,-7.57
2013-07-01,1042.29,-4.23,569.0,-5.32,2.04,-0.49,1025.28,-8.27,298.76,-2.37,827.7,-2.0,99.4,-1.58,2.56,-8.9
2013-08-01,1009.86,-3.11,587.0,3.16,2.04,0.0,1030.63,0.52,304.39,1.88,845.05,2.1,95.33,-4.09,2.57,0.39
2013-09-01,1068.76,5.83,654.0,11.41,1.99,-2.45,1159.01,12.46,300.12,-1.4,865.13,2.38,93.08,-2.36,2.64,2.72
2013-10-01,1119.15,4.71,663.0,1.38,1.97,-1.01,1198.72,3.43,304.31,1.4,876.96,1.37,98.88,6.23,2.53,-4.17
2013-11-01,1094.2,-2.23,865.0,30.47,1.87,-5.08,1189.59,-0.76,297.36,-2.28,878.25,0.15,105.25,6.44,2.49,-1.58
2013-12-01,1096.79,0.24,846.0,-2.2,1.93,3.21,1198.15,0.72,287.35,-3.37,892.83,1.66,105.25,0.0,2.56,2.81
2014-01-01,1085.87,-1.0,848.0,0.24,2.01,4.15,1147.24,-4.25,286.6,-0.26,897.78,0.55,104.7,-0.52,2.34,-8.59
2014-02-01,1082.29,-0.33,915.0,7.9,2.07,2.99,1117.21,-2.62,291.84,1.83,902.19,0.49,107.0,2.2,2.17,-7.26
2014-03-01,1070.84,-1.06,926.0,1.2,2.14,3.38,1077.57,-3.55,290.92,-0.32,905.74,0.39,111.0,3.74,2.29,5.53
2014-04-01,1098.16,2.55,905.0,-2.27,2.08,-2.8,1088.02,0.97,290.33,-0.2,912.49,0.75,112.25,1.13,2.15,-6.11
2014-05-01,1057.29,-3.72,930.0,2.76,2.04,-1.92,1096.85,0.81,292.5,0.75,918.05,0.61,109.0,-2.9,2.02,-6.05
2014-06-01,1050.37,-0.65,934.0,0.43,2.0,-1.96,1073.17,-2.16,291.72,-0.27,921.32,0.36,108.13,-0.8,2.04,0.99
2014-07-01,1057.66,0.69,861.0,-7.82,1.85,-7.5,1078.15,0.46,292.7,0.34,930.59,1.01,108.0,-0.12,2.0,-1.96
2014-08-01,1029.25,-2.69,770.0,-10.57,1.63,-11.89,1069.75,-0.78,289.17,-1.21,910.31,-2.18,109.9,1.76,1.86,-7.0
2014-09-01,996.74,-3.16,785.0,1.95,1.62,-0.61,1056.5,-1.24,277.55,-4.02,889.0,-2.34,114.63,4.3,1.67,-10.22
2014-10-01,974.34,-2.25,769.0,-2.04,1.55,-4.32,1044.01,-1.18,275.65,-0.68,875.76,-1.49,114.4,-0.2,1.63,-2.4
2014-11-01,971.71,-0.27,795.0,3.38,1.49,-3.87,1041.97,-0.2,256.13,-7.08,859.9,-1.81,114.5,0.09,1.64,0.61
2014-12-01,940.88,-3.17,813.0,2.26,1.51,1.34,1002.13,-3.82,249.39,-2.63,852.16,-0.9,109.11,-4.71,1.61,-1.83
2015-01-01,907.32,-3.57,764.0,-6.03,1.48,-1.99,967.03,-3.5,251.48,0.84,826.71,-2.99,106.78,-2.14,1.66,3.11
2015-02-01,891.63,-1.73,794.0,3.93,1.54,4.05,946.91,-2.08,250.89,-0.23,835.21,1.03,106.06,-0.67,1.82,9.64
2015-03-01,874.58,-1.91,721.0,-9.19,1.53,-0.65,929.45,-1.84,247.32,-1.42,816.57,-2.23,104.5,-1.47,1.74,-4.4
2015-04-01,882.41,0.9,714.0,-0.97,1.58,3.31,986.76,6.17,249.06,0.7,814.23,-0.29,100.33,-3.99,1.7,-2.28
2015-05-01,990.58,12.26,748.0,4.76,1.61,1.85,1114.58,12.95,246.5,-1.03,842.46,3.47,96.0,-4.32,1.84,8.22
2015-06-01,1032.18,4.2,748.0,0.0,1.6,-0.62,1137.8,2.08,240.59,-2.4,847.75,0.63,94.0,-2.08,1.82,-1.09
2015-07-01,952.43,-7.73,735.0,-1.74,1.6,0.0,1009.65,-11.26,241.27,0.28,848.07,0.04,82.5,-12.23,1.64,-9.89
2015-08-01,962.41,1.05,689.0,-6.26,1.58,-1.25,1022.68,1.29,241.7,0.18,849.98,0.23,71.0,-13.94,1.45,-11.59
2015-09-01,901.25,-6.35,699.0,1.45,1.52,-3.8,966.74,-5.47,247.78,2.52,836.74,-1.56,74.8,5.35,1.35,-6.9
2015-10-01,882.43,-2.09,736.0,5.29,1.52,0.0,956.06,-1.1,248.08,0.12,835.81,-0.11,74.75,-0.07,1.33,-1.48
2015-11-01,916.84,3.9,716.0,-2.72,1.53,0.66,1003.06,4.92,242.9,-2.09,828.62,-0.86,70.08,-6.25,1.24,-6.77
2015-12-01,939.4,2.46,759.0,6.01,1.55,1.31,1028.32,2.52,244.62,0.71,816.85,-1.42,71.68,2.28,1.27,2.42
2016-01-01,929.73,-1.03,763.0,0.53,1.52,-1.94,1014.23,-1.37,251.76,2.92,785.62,-3.82,73.0,1.84,1.23,-3.15
2016-02-01,960.85,3.35,813.0,6.55,1.47,-3.29,1017.06,0.28,259.34,3.01,780.11,-0.7,72.24,-1.04,1.27,3.25
2016-03-01,986.75,2.7,990.0,21.77,1.44,-2.04,1039.01,2.16,263.62,1.65,775.04,-0.65,73.08,1.16,1.46,14.96
2016-04-01,1023.0,3.67,1045.0,5.56,1.53,6.25,1087.92,4.71,271.7,3.07,780.0,0.64,73.19,0.15,1.71,17.12
2016-05-01,988.79,-3.34,962.5,-7.89,1.55,1.31,1096.27,0.77,273.27,0.58,792.05,1.54,72.44,-1.02,1.63,-4.68
2016-06-01,1015.26,2.68,1048.0,8.88,1.63,5.16,1094.21,-0.19,282.26,3.29,774.72,-2.19,74.8,3.26,1.49,-8.59
2016-07-01,1089.07,7.27,1008.0,-3.82,1.79,9.82,1132.6,3.51,285.98,1.32,717.06,-7.44,75.6,1.07,1.59,6.71
2016-08-01,1095.75,0.61,1018.0,0.99,1.77,-1.12,1141.04,0.75,294.03,2.81,714.82,-0.31,73.48,-2.8,1.55,-2.52
2016-09-01,1061.8,-3.1,1025.0,0.69,1.72,-2.82,1147.4,0.56,292.15,-0.64,716.62,0.25,73.54,0.08,1.57,1.29
2016-10-01,1023.64,-3.59,963.75,-5.98,1.73,0.58,1188.1,3.55,286.86,-1.81,672.91,-6.1,74.64,1.5,1.66,5.73
2016-11-01,1019.21,-0.43,1021.0,5.94,1.74,0.58,1189.28,0.1,275.14,-4.09,677.33,0.66,77.25,3.5,1.87,12.65
2016-12-01,1002.56,-1.63,1127.0,10.38,1.75,0.57,1196.96,0.65,256.42,-6.8,680.27,0.43,75.69,-2.02,2.23,19.25
2017-01-01,1027.72,2.51,1225.0,8.7,1.82,4.0,1289.97,7.77,258.6,0.85,671.82,-1.24,75.05,-0.85,2.56,14.8
2017-02-01,1029.58,0.18,1146.25,-6.43,1.88,3.3,1368.14,6.06,263.45,1.88,680.49,1.29,76.58,2.04,2.71,5.86
2017-03-01,1059.6,2.92,1016.0,-11.36,1.91,1.6,1454.83,6.34,263.48,0.01,672.48,-1.18,77.93,1.76,2.35,-13.28
2017-04-01,991.12,-6.46,1044.0,2.76,1.92,0.52,1404.98,-3.43,270.34,2.6,688.44,2.37,75.43,-3.21,2.21,-5.96
2017-05-01,1019.95,2.91,1112.5,6.56,1.95,1.56,1433.47,2.03,265.28,-1.87,704.52,2.34,69.36,-8.05,2.1,-4.98
2017-06-01,1065.81,4.5,1119.0,0.58,1.87,-4.1,1403.83,-2.07,268.39,1.17,697.44,-1.0,67.59,-2.55,1.72,-18.1
2017-07-01,,,1059.0,-5.36,1.85,-1.07,,,264.62,-1.4,,,,,1.75,1.74
2017-08-01,,,1062.0,0.28,1.75,-5.41,,,270.96,2.4,,,,,1.84,5.14
2017-09-01,,,1015.0,-4.43,1.78,1.71,,,268.93,-0.75,,,,,1.86,1.09
2017-10-01,,,989.0,-2.56,1.73,-2.81,,,263.62,-1.97,,,,,1.64,-11.83
2017-11-01,,,1038.0,4.95,1.77,2.31,,,263.85,0.09,,,,,1.57,-4.27
2017-12-01,,,958.0,-7.71,1.88,6.21,,,263.62,-0.09,,,,,1.65,5.1
2018-01-01,,,942.5,-1.62,2.01,6.91,,,268.3,1.78,,,,,1.72,4.24
2018-02-01,,,835.0,-11.41,1.95,-2.99,,,275.8,2.8,,,,,1.72,0.0
2018-03-01,,,745.0,-10.78,2.03,4.1,,,280.72,1.78,,,,,1.76,2.33
2018-04-01,,,756.0,1.48,2.03,0.0,,,276.7,-1.43,,,,,1.73,-1.7
2018-05-01,,,692.0,-8.47,2.08,2.46,,,271.38,-1.92,,,,,1.7,-1.73
2018-06-01,,,623.0,-9.97,2.15,3.37,,,270.59,-0.29,,,,,1.56,-8.24
2018-07-01,,,,,2.12,-1.4,,,267.02,-1.32,,,,,1.47,-5.77
2018-08-01,,,,,2.08,-1.89,,,268.1,0.4,,,,,1.47,0.0
2018-09-01,,,,,1.99,-4.33,,,265.85,-0.84,,,,,1.44,-2.04
2018-10-01,,,,,1.91,-4.02,,,263.85,-0.75,,,,,1.43,-0.69
2018-11-01,,,,,1.91,0.0,,,262.71,-0.43,,,,,1.35,-5.59
2018-12-01,,,,,1.9,-0.52,,,265.43,1.04,,,,,1.44,6.67
2019-01-01,,,,,1.82,-4.21,,,273.25,2.95,,,,,1.59,10.42
2019-02-01,,,,,1.79,-1.65,,,269.71,-1.3,,,,,1.65,3.77
2019-03-01,,,,,1.85,3.35,,,267.74,-0.73,,,,,1.72,4.24
2019-04-01,,,,,1.92,3.78,,,266.66,-0.4,,,,,1.72,0.0
2019-05-01,,,,,1.77,-7.81,,,270.59,1.47,,,,,1.77,2.91
2019-06-01,,,,,1.71,-3.39,,,275.39,1.77,,,,,1.93,9.04
2019-07-01,,,,,1.67,-2.34,,,275.11,-0.1,,,,,1.67,-13.47
2019-08-01,,,,,1.56,-6.59,,,280.19,1.85,,,,,1.5,-10.18
2019-09-01,,,,,1.57,0.64,,,277.06,-1.12,,,,,1.5,0.0
2019-10-01,,,,,1.63,3.82,,,275.34,-0.62,,,,,1.43,-4.67
2019-11-01,,,,,1.65,1.23,,,273.4,-0.7,,,,,1.54,7.69
2019-12-01,,,,,1.67,1.21,,,272.8,-0.22,,,,,1.66,7.79
2020-01-01,,,,,1.74,4.19,,,272.4,-0.15,,,,,1.68,1.2
2020-02-01,,,,,1.69,-2.87,,,270.56,-0.68,,,,,1.61,-4.17
2020-03-01,,,,,1.49,-11.83,,,276.93,2.35,,,,,1.5,-6.83
2020-04-01,,,,,1.4,-6.04,,,276.24,-0.25,,,,,1.33,-11.33
